"sep=,"
FILENAME,CONSTANTS
D:\Pesquisa\Projects\git-analysis\_cppstats_featurelocations\git\abspath.c.xml,GIT_WINDOWS_NATIVE;MAXSYMLINKS
D:\Pesquisa\Projects\git-analysis\_cppstats_featurelocations\git\add-interactive.c.xml,
D:\Pesquisa\Projects\git-analysis\_cppstats_featurelocations\git\add-interactive.h.xml,ADD_INTERACTIVE_H
D:\Pesquisa\Projects\git-analysis\_cppstats_featurelocations\git\add-patch.c.xml,
D:\Pesquisa\Projects\git-analysis\_cppstats_featurelocations\git\advice.c.xml,
D:\Pesquisa\Projects\git-analysis\_cppstats_featurelocations\git\advice.h.xml,ADVICE_H
D:\Pesquisa\Projects\git-analysis\_cppstats_featurelocations\git\alias.c.xml,
D:\Pesquisa\Projects\git-analysis\_cppstats_featurelocations\git\alias.h.xml,ALIAS_H
D:\Pesquisa\Projects\git-analysis\_cppstats_featurelocations\git\alloc.c.xml,
D:\Pesquisa\Projects\git-analysis\_cppstats_featurelocations\git\alloc.h.xml,ALLOC_H
D:\Pesquisa\Projects\git-analysis\_cppstats_featurelocations\git\apply.c.xml,
D:\Pesquisa\Projects\git-analysis\_cppstats_featurelocations\git\apply.h.xml,APPLY_H
D:\Pesquisa\Projects\git-analysis\_cppstats_featurelocations\git\archive-tar.c.xml,TIME_MAX;ULONG_MAX
D:\Pesquisa\Projects\git-analysis\_cppstats_featurelocations\git\archive-zip.c.xml,
D:\Pesquisa\Projects\git-analysis\_cppstats_featurelocations\git\archive.c.xml,
D:\Pesquisa\Projects\git-analysis\_cppstats_featurelocations\git\archive.h.xml,ARCHIVE_H
D:\Pesquisa\Projects\git-analysis\_cppstats_featurelocations\git\argv-array.c.xml,
D:\Pesquisa\Projects\git-analysis\_cppstats_featurelocations\git\argv-array.h.xml,ARGV_ARRAY_H
D:\Pesquisa\Projects\git-analysis\_cppstats_featurelocations\git\attr.c.xml,DEBUG_ATTR
D:\Pesquisa\Projects\git-analysis\_cppstats_featurelocations\git\attr.h.xml,ATTR_H
D:\Pesquisa\Projects\git-analysis\_cppstats_featurelocations\git\banned.h.xml,BANNED_H;HAVE_VARIADIC_MACROS
D:\Pesquisa\Projects\git-analysis\_cppstats_featurelocations\git\base85.c.xml,DEBUG_85
D:\Pesquisa\Projects\git-analysis\_cppstats_featurelocations\git\bisect.c.xml,
D:\Pesquisa\Projects\git-analysis\_cppstats_featurelocations\git\bisect.h.xml,BISECT_H
D:\Pesquisa\Projects\git-analysis\_cppstats_featurelocations\git\blame.c.xml,
D:\Pesquisa\Projects\git-analysis\_cppstats_featurelocations\git\blame.h.xml,BLAME_H
D:\Pesquisa\Projects\git-analysis\_cppstats_featurelocations\git\blob.c.xml,
D:\Pesquisa\Projects\git-analysis\_cppstats_featurelocations\git\blob.h.xml,BLOB_H
D:\Pesquisa\Projects\git-analysis\_cppstats_featurelocations\git\block-sha1\sha1.c.xml,__GNUC__;__arm__;__i386__;__x86_64__
D:\Pesquisa\Projects\git-analysis\_cppstats_featurelocations\git\block-sha1\sha1.h.xml,
D:\Pesquisa\Projects\git-analysis\_cppstats_featurelocations\git\branch.c.xml,
D:\Pesquisa\Projects\git-analysis\_cppstats_featurelocations\git\branch.h.xml,BRANCH_H
D:\Pesquisa\Projects\git-analysis\_cppstats_featurelocations\git\builtin.h.xml,BUILTIN_H
D:\Pesquisa\Projects\git-analysis\_cppstats_featurelocations\git\builtin\add.c.xml,
D:\Pesquisa\Projects\git-analysis\_cppstats_featurelocations\git\builtin\am.c.xml,
D:\Pesquisa\Projects\git-analysis\_cppstats_featurelocations\git\builtin\annotate.c.xml,
D:\Pesquisa\Projects\git-analysis\_cppstats_featurelocations\git\builtin\apply.c.xml,
D:\Pesquisa\Projects\git-analysis\_cppstats_featurelocations\git\builtin\archive.c.xml,
D:\Pesquisa\Projects\git-analysis\_cppstats_featurelocations\git\builtin\bisect--helper.c.xml,
D:\Pesquisa\Projects\git-analysis\_cppstats_featurelocations\git\builtin\blame.c.xml,DEBUG_BLAME
D:\Pesquisa\Projects\git-analysis\_cppstats_featurelocations\git\builtin\branch.c.xml,
D:\Pesquisa\Projects\git-analysis\_cppstats_featurelocations\git\builtin\bundle.c.xml,
D:\Pesquisa\Projects\git-analysis\_cppstats_featurelocations\git\builtin\cat-file.c.xml,
D:\Pesquisa\Projects\git-analysis\_cppstats_featurelocations\git\builtin\check-attr.c.xml,
D:\Pesquisa\Projects\git-analysis\_cppstats_featurelocations\git\builtin\check-ignore.c.xml,
D:\Pesquisa\Projects\git-analysis\_cppstats_featurelocations\git\builtin\check-mailmap.c.xml,
D:\Pesquisa\Projects\git-analysis\_cppstats_featurelocations\git\builtin\check-ref-format.c.xml,
D:\Pesquisa\Projects\git-analysis\_cppstats_featurelocations\git\builtin\checkout-index.c.xml,
D:\Pesquisa\Projects\git-analysis\_cppstats_featurelocations\git\builtin\checkout.c.xml,
D:\Pesquisa\Projects\git-analysis\_cppstats_featurelocations\git\builtin\clean.c.xml,
D:\Pesquisa\Projects\git-analysis\_cppstats_featurelocations\git\builtin\clone.c.xml,
D:\Pesquisa\Projects\git-analysis\_cppstats_featurelocations\git\builtin\column.c.xml,
D:\Pesquisa\Projects\git-analysis\_cppstats_featurelocations\git\builtin\commit-graph.c.xml,
D:\Pesquisa\Projects\git-analysis\_cppstats_featurelocations\git\builtin\commit-tree.c.xml,
D:\Pesquisa\Projects\git-analysis\_cppstats_featurelocations\git\builtin\commit.c.xml,
D:\Pesquisa\Projects\git-analysis\_cppstats_featurelocations\git\builtin\config.c.xml,
D:\Pesquisa\Projects\git-analysis\_cppstats_featurelocations\git\builtin\count-objects.c.xml,
D:\Pesquisa\Projects\git-analysis\_cppstats_featurelocations\git\builtin\credential.c.xml,
D:\Pesquisa\Projects\git-analysis\_cppstats_featurelocations\git\builtin\describe.c.xml,
D:\Pesquisa\Projects\git-analysis\_cppstats_featurelocations\git\builtin\diff-files.c.xml,
D:\Pesquisa\Projects\git-analysis\_cppstats_featurelocations\git\builtin\diff-index.c.xml,
D:\Pesquisa\Projects\git-analysis\_cppstats_featurelocations\git\builtin\diff-tree.c.xml,
D:\Pesquisa\Projects\git-analysis\_cppstats_featurelocations\git\builtin\diff.c.xml,
D:\Pesquisa\Projects\git-analysis\_cppstats_featurelocations\git\builtin\difftool.c.xml,
D:\Pesquisa\Projects\git-analysis\_cppstats_featurelocations\git\builtin\env--helper.c.xml,
D:\Pesquisa\Projects\git-analysis\_cppstats_featurelocations\git\builtin\fast-export.c.xml,
D:\Pesquisa\Projects\git-analysis\_cppstats_featurelocations\git\builtin\fetch-pack.c.xml,
D:\Pesquisa\Projects\git-analysis\_cppstats_featurelocations\git\builtin\fetch.c.xml,
D:\Pesquisa\Projects\git-analysis\_cppstats_featurelocations\git\builtin\fmt-merge-msg.c.xml,
D:\Pesquisa\Projects\git-analysis\_cppstats_featurelocations\git\builtin\for-each-ref.c.xml,
D:\Pesquisa\Projects\git-analysis\_cppstats_featurelocations\git\builtin\fsck.c.xml,
D:\Pesquisa\Projects\git-analysis\_cppstats_featurelocations\git\builtin\gc.c.xml,GIT_WINDOWS_NATIVE;HAVE_BSD_SYSCTL;HAVE_SYSINFO;HW_MEMSIZE;HW_PHYSMEM
D:\Pesquisa\Projects\git-analysis\_cppstats_featurelocations\git\builtin\get-tar-commit-id.c.xml,
D:\Pesquisa\Projects\git-analysis\_cppstats_featurelocations\git\builtin\grep.c.xml,
D:\Pesquisa\Projects\git-analysis\_cppstats_featurelocations\git\builtin\hash-object.c.xml,
D:\Pesquisa\Projects\git-analysis\_cppstats_featurelocations\git\builtin\help.c.xml,DEFAULT_HELP_FORMAT
D:\Pesquisa\Projects\git-analysis\_cppstats_featurelocations\git\builtin\index-pack.c.xml,
D:\Pesquisa\Projects\git-analysis\_cppstats_featurelocations\git\builtin\init-db.c.xml,DEFAULT_GIT_TEMPLATE_DIR;ENABLE_SHA256;NO_TRUSTABLE_FILEMODE
D:\Pesquisa\Projects\git-analysis\_cppstats_featurelocations\git\builtin\interpret-trailers.c.xml,
D:\Pesquisa\Projects\git-analysis\_cppstats_featurelocations\git\builtin\log.c.xml,
D:\Pesquisa\Projects\git-analysis\_cppstats_featurelocations\git\builtin\ls-files.c.xml,
D:\Pesquisa\Projects\git-analysis\_cppstats_featurelocations\git\builtin\ls-remote.c.xml,
D:\Pesquisa\Projects\git-analysis\_cppstats_featurelocations\git\builtin\ls-tree.c.xml,
D:\Pesquisa\Projects\git-analysis\_cppstats_featurelocations\git\builtin\mailinfo.c.xml,
D:\Pesquisa\Projects\git-analysis\_cppstats_featurelocations\git\builtin\mailsplit.c.xml,
D:\Pesquisa\Projects\git-analysis\_cppstats_featurelocations\git\builtin\merge-base.c.xml,
D:\Pesquisa\Projects\git-analysis\_cppstats_featurelocations\git\builtin\merge-file.c.xml,
D:\Pesquisa\Projects\git-analysis\_cppstats_featurelocations\git\builtin\merge-index.c.xml,
D:\Pesquisa\Projects\git-analysis\_cppstats_featurelocations\git\builtin\merge-ours.c.xml,
D:\Pesquisa\Projects\git-analysis\_cppstats_featurelocations\git\builtin\merge-recursive.c.xml,
D:\Pesquisa\Projects\git-analysis\_cppstats_featurelocations\git\builtin\merge-tree.c.xml,
D:\Pesquisa\Projects\git-analysis\_cppstats_featurelocations\git\builtin\merge.c.xml,
D:\Pesquisa\Projects\git-analysis\_cppstats_featurelocations\git\builtin\mktag.c.xml,
D:\Pesquisa\Projects\git-analysis\_cppstats_featurelocations\git\builtin\mktree.c.xml,
D:\Pesquisa\Projects\git-analysis\_cppstats_featurelocations\git\builtin\multi-pack-index.c.xml,
D:\Pesquisa\Projects\git-analysis\_cppstats_featurelocations\git\builtin\mv.c.xml,
D:\Pesquisa\Projects\git-analysis\_cppstats_featurelocations\git\builtin\name-rev.c.xml,
D:\Pesquisa\Projects\git-analysis\_cppstats_featurelocations\git\builtin\notes.c.xml,
D:\Pesquisa\Projects\git-analysis\_cppstats_featurelocations\git\builtin\pack-objects.c.xml,
D:\Pesquisa\Projects\git-analysis\_cppstats_featurelocations\git\builtin\pack-redundant.c.xml,
D:\Pesquisa\Projects\git-analysis\_cppstats_featurelocations\git\builtin\pack-refs.c.xml,
D:\Pesquisa\Projects\git-analysis\_cppstats_featurelocations\git\builtin\patch-id.c.xml,
D:\Pesquisa\Projects\git-analysis\_cppstats_featurelocations\git\builtin\prune-packed.c.xml,
D:\Pesquisa\Projects\git-analysis\_cppstats_featurelocations\git\builtin\prune.c.xml,
D:\Pesquisa\Projects\git-analysis\_cppstats_featurelocations\git\builtin\pull.c.xml,
D:\Pesquisa\Projects\git-analysis\_cppstats_featurelocations\git\builtin\push.c.xml,
D:\Pesquisa\Projects\git-analysis\_cppstats_featurelocations\git\builtin\range-diff.c.xml,
D:\Pesquisa\Projects\git-analysis\_cppstats_featurelocations\git\builtin\read-tree.c.xml,
D:\Pesquisa\Projects\git-analysis\_cppstats_featurelocations\git\builtin\rebase.c.xml,
D:\Pesquisa\Projects\git-analysis\_cppstats_featurelocations\git\builtin\receive-pack.c.xml,
D:\Pesquisa\Projects\git-analysis\_cppstats_featurelocations\git\builtin\reflog.c.xml,
D:\Pesquisa\Projects\git-analysis\_cppstats_featurelocations\git\builtin\remote-ext.c.xml,
D:\Pesquisa\Projects\git-analysis\_cppstats_featurelocations\git\builtin\remote-fd.c.xml,
D:\Pesquisa\Projects\git-analysis\_cppstats_featurelocations\git\builtin\remote.c.xml,
D:\Pesquisa\Projects\git-analysis\_cppstats_featurelocations\git\builtin\repack.c.xml,
D:\Pesquisa\Projects\git-analysis\_cppstats_featurelocations\git\builtin\replace.c.xml,
D:\Pesquisa\Projects\git-analysis\_cppstats_featurelocations\git\builtin\rerere.c.xml,
D:\Pesquisa\Projects\git-analysis\_cppstats_featurelocations\git\builtin\reset.c.xml,
D:\Pesquisa\Projects\git-analysis\_cppstats_featurelocations\git\builtin\rev-list.c.xml,
D:\Pesquisa\Projects\git-analysis\_cppstats_featurelocations\git\builtin\rev-parse.c.xml,
D:\Pesquisa\Projects\git-analysis\_cppstats_featurelocations\git\builtin\revert.c.xml,
D:\Pesquisa\Projects\git-analysis\_cppstats_featurelocations\git\builtin\rm.c.xml,
D:\Pesquisa\Projects\git-analysis\_cppstats_featurelocations\git\builtin\send-pack.c.xml,
D:\Pesquisa\Projects\git-analysis\_cppstats_featurelocations\git\builtin\shortlog.c.xml,
D:\Pesquisa\Projects\git-analysis\_cppstats_featurelocations\git\builtin\show-branch.c.xml,
D:\Pesquisa\Projects\git-analysis\_cppstats_featurelocations\git\builtin\show-index.c.xml,
D:\Pesquisa\Projects\git-analysis\_cppstats_featurelocations\git\builtin\show-ref.c.xml,
D:\Pesquisa\Projects\git-analysis\_cppstats_featurelocations\git\builtin\sparse-checkout.c.xml,
D:\Pesquisa\Projects\git-analysis\_cppstats_featurelocations\git\builtin\stash.c.xml,
D:\Pesquisa\Projects\git-analysis\_cppstats_featurelocations\git\builtin\stripspace.c.xml,
D:\Pesquisa\Projects\git-analysis\_cppstats_featurelocations\git\builtin\submodule--helper.c.xml,
D:\Pesquisa\Projects\git-analysis\_cppstats_featurelocations\git\builtin\symbolic-ref.c.xml,
D:\Pesquisa\Projects\git-analysis\_cppstats_featurelocations\git\builtin\tag.c.xml,
D:\Pesquisa\Projects\git-analysis\_cppstats_featurelocations\git\builtin\unpack-file.c.xml,
D:\Pesquisa\Projects\git-analysis\_cppstats_featurelocations\git\builtin\unpack-objects.c.xml,
D:\Pesquisa\Projects\git-analysis\_cppstats_featurelocations\git\builtin\update-index.c.xml,
D:\Pesquisa\Projects\git-analysis\_cppstats_featurelocations\git\builtin\update-ref.c.xml,
D:\Pesquisa\Projects\git-analysis\_cppstats_featurelocations\git\builtin\update-server-info.c.xml,
D:\Pesquisa\Projects\git-analysis\_cppstats_featurelocations\git\builtin\upload-archive.c.xml,
D:\Pesquisa\Projects\git-analysis\_cppstats_featurelocations\git\builtin\upload-pack.c.xml,
D:\Pesquisa\Projects\git-analysis\_cppstats_featurelocations\git\builtin\var.c.xml,
D:\Pesquisa\Projects\git-analysis\_cppstats_featurelocations\git\builtin\verify-commit.c.xml,
D:\Pesquisa\Projects\git-analysis\_cppstats_featurelocations\git\builtin\verify-pack.c.xml,
D:\Pesquisa\Projects\git-analysis\_cppstats_featurelocations\git\builtin\verify-tag.c.xml,
D:\Pesquisa\Projects\git-analysis\_cppstats_featurelocations\git\builtin\worktree.c.xml,
D:\Pesquisa\Projects\git-analysis\_cppstats_featurelocations\git\builtin\write-tree.c.xml,
D:\Pesquisa\Projects\git-analysis\_cppstats_featurelocations\git\bulk-checkin.c.xml,
D:\Pesquisa\Projects\git-analysis\_cppstats_featurelocations\git\bulk-checkin.h.xml,BULK_CHECKIN_H
D:\Pesquisa\Projects\git-analysis\_cppstats_featurelocations\git\bundle.c.xml,
D:\Pesquisa\Projects\git-analysis\_cppstats_featurelocations\git\bundle.h.xml,BUNDLE_H
D:\Pesquisa\Projects\git-analysis\_cppstats_featurelocations\git\cache-tree.c.xml,DEBUG_CACHE_TREE
D:\Pesquisa\Projects\git-analysis\_cppstats_featurelocations\git\cache-tree.h.xml,CACHE_TREE_H;USE_THE_INDEX_COMPATIBILITY_MACROS
D:\Pesquisa\Projects\git-analysis\_cppstats_featurelocations\git\cache.h.xml,CACHE_H;CE_EXTENDED_FLAGS;DT_UNKNOWN;NO_D_TYPE_IN_DIRENT;USE_THE_INDEX_COMPATIBILITY_MACROS
D:\Pesquisa\Projects\git-analysis\_cppstats_featurelocations\git\chdir-notify.c.xml,
D:\Pesquisa\Projects\git-analysis\_cppstats_featurelocations\git\chdir-notify.h.xml,CHDIR_NOTIFY_H
D:\Pesquisa\Projects\git-analysis\_cppstats_featurelocations\git\checkout.c.xml,
D:\Pesquisa\Projects\git-analysis\_cppstats_featurelocations\git\checkout.h.xml,CHECKOUT_H
D:\Pesquisa\Projects\git-analysis\_cppstats_featurelocations\git\color.c.xml,
D:\Pesquisa\Projects\git-analysis\_cppstats_featurelocations\git\color.h.xml,COLOR_H
D:\Pesquisa\Projects\git-analysis\_cppstats_featurelocations\git\column.c.xml,
D:\Pesquisa\Projects\git-analysis\_cppstats_featurelocations\git\column.h.xml,COLUMN_H
D:\Pesquisa\Projects\git-analysis\_cppstats_featurelocations\git\combine-diff.c.xml,
D:\Pesquisa\Projects\git-analysis\_cppstats_featurelocations\git\commit-graph.c.xml,
D:\Pesquisa\Projects\git-analysis\_cppstats_featurelocations\git\commit-graph.h.xml,COMMIT_GRAPH_H
D:\Pesquisa\Projects\git-analysis\_cppstats_featurelocations\git\commit-reach.c.xml,
D:\Pesquisa\Projects\git-analysis\_cppstats_featurelocations\git\commit-reach.h.xml,COMMIT_REACH_H;NO_THE_REPOSITORY_COMPATIBILITY_MACROS
D:\Pesquisa\Projects\git-analysis\_cppstats_featurelocations\git\commit-slab-decl.h.xml,COMMIT_SLAB_HDR_H;COMMIT_SLAB_SIZE
D:\Pesquisa\Projects\git-analysis\_cppstats_featurelocations\git\commit-slab-impl.h.xml,COMMIT_SLAB_IMPL_H
D:\Pesquisa\Projects\git-analysis\_cppstats_featurelocations\git\commit-slab.h.xml,COMMIT_SLAB_H
D:\Pesquisa\Projects\git-analysis\_cppstats_featurelocations\git\commit.c.xml,
D:\Pesquisa\Projects\git-analysis\_cppstats_featurelocations\git\commit.h.xml,COMMIT_H;NO_THE_REPOSITORY_COMPATIBILITY_MACROS
D:\Pesquisa\Projects\git-analysis\_cppstats_featurelocations\git\common-main.c.xml,
D:\Pesquisa\Projects\git-analysis\_cppstats_featurelocations\git\compat\access.c.xml,
D:\Pesquisa\Projects\git-analysis\_cppstats_featurelocations\git\compat\apple-common-crypto.h.xml,APPLE_LION_OR_NEWER;SHA1_MAX_BLOCK_SIZE;__MAC_OS_X_VERSION_MIN_REQUIRED
D:\Pesquisa\Projects\git-analysis\_cppstats_featurelocations\git\compat\basename.c.xml,
D:\Pesquisa\Projects\git-analysis\_cppstats_featurelocations\git\compat\bswap.h.xml,BIG_ENDIAN;BYTE_ORDER;COMPAT_BSWAP_H;GIT_BIG_ENDIAN;GIT_BYTE_ORDER;LITTLE_ENDIAN;NO_UNALIGNED_LOADS;_BIG_ENDIAN;_LITTLE_ENDIAN;_MSC_VER;_M_IX86;_M_X64;__BIG_ENDIAN;__BYTE_ORDER;__GNUC__;__LITTLE_ENDIAN;__THW_BIG_ENDIAN__;__THW_LITTLE_ENDIAN__;__i386__;__powerpc64__;__powerpc__;__ppc64__;__ppc__;__s390__;__s390x__;__x86_64__;bswap32;bswap64
D:\Pesquisa\Projects\git-analysis\_cppstats_featurelocations\git\compat\fileno.c.xml,
D:\Pesquisa\Projects\git-analysis\_cppstats_featurelocations\git\compat\fopen.c.xml,
D:\Pesquisa\Projects\git-analysis\_cppstats_featurelocations\git\compat\gmtime.c.xml,
D:\Pesquisa\Projects\git-analysis\_cppstats_featurelocations\git\compat\hstrerror.c.xml,
D:\Pesquisa\Projects\git-analysis\_cppstats_featurelocations\git\compat\inet_ntop.c.xml,NO_IPV6;NS_IN6ADDRSZ;NS_INADDRSZ;NS_INT16SZ
D:\Pesquisa\Projects\git-analysis\_cppstats_featurelocations\git\compat\inet_pton.c.xml,NO_IPV6;NS_IN6ADDRSZ;NS_INADDRSZ;NS_INT16SZ
D:\Pesquisa\Projects\git-analysis\_cppstats_featurelocations\git\compat\memmem.c.xml,
D:\Pesquisa\Projects\git-analysis\_cppstats_featurelocations\git\compat\mingw.c.xml,USE_MSVC_CRTDBG;_DEBUG;_MSC_VER
D:\Pesquisa\Projects\git-analysis\_cppstats_featurelocations\git\compat\mingw.h.xml,EAFNOSUPPORT;ECONNABORTED;ELOOP;ENOTSOCK;EWOULDBLOCK;NO_OPENSSL;NO_UNSETENV;O_CLOEXEC;O_NOINHERIT;S_IRWXG;S_IRWXO;USE_WIN32_MMAP;_MSC_VER;__MINGW64_VERSION_MAJOR;fstat;lstat;stat
D:\Pesquisa\Projects\git-analysis\_cppstats_featurelocations\git\compat\mkdir.c.xml,
D:\Pesquisa\Projects\git-analysis\_cppstats_featurelocations\git\compat\mkdtemp.c.xml,
D:\Pesquisa\Projects\git-analysis\_cppstats_featurelocations\git\compat\mmap.c.xml,
D:\Pesquisa\Projects\git-analysis\_cppstats_featurelocations\git\compat\msvc.c.xml,
D:\Pesquisa\Projects\git-analysis\_cppstats_featurelocations\git\compat\msvc.h.xml,__MSVC__HEAD
D:\Pesquisa\Projects\git-analysis\_cppstats_featurelocations\git\compat\nedmalloc\malloc.c.h.xml,ABORT;ABORT_ON_ASSERT_FAILURE;BSD;BitScanForward;CLSIZE;CORRUPTION_ERROR_ACTION;DARWIN;DEBUG;DEFAULT_GRANULARITY;DEFAULT_MMAP_THRESHOLD;DEFAULT_TRIM_THRESHOLD;DGUX;DIRECT_MMAP;DLMALLOC_VERSION;EXEC_PAGESIZE;FOOTERS;FORCEINLINE;HAVE_GETPAGESIZE;HAVE_MMAP;HAVE_MORECORE;HAVE_MREMAP;HAVE_USR_INCLUDE_MALLOC_H;INSECURE;LACKS_ERRNO_H;LACKS_FCNTL_H;LACKS_STDLIB_H;LACKS_STRINGS_H;LACKS_STRING_H;LACKS_SYS_MMAN_H;LACKS_SYS_PARAM_H;LACKS_SYS_TYPES_H;LACKS_UNISTD_H;MALLINFO_FIELD_TYPE;MALLOC_ALIGNMENT;MALLOC_FAILURE_ACTION;MAP_ANON;MAP_ANONYMOUS;MAX_RELEASE_CHECK_RATE;MMAP;MMAP_CLEARS;MORECORE;MORECORE_CANNOT_TRIM;MORECORE_CONTIGUOUS;MREMAP;MSPACES;MUNMAP;NBPC;NBPG;NEED_GLOBAL_LOCK_INIT;NOINLINE;NO_MALLINFO;NO_SEGMENT_TRAVERSAL;ONLY_MSPACES;PAGESIZE;POSTACTION;PREACTION;PROCEED_ON_ERROR;PTHREAD_MUTEX_RECURSIVE;REALLOC_ZERO_BYTES_FREES;STRUCT_MALLINFO_DECLARED;USAGE_ERROR_ACTION;USE_BUILTIN_FFS;USE_DEV_RANDOM;USE_DL_PREFIX;USE_LOCKS;USE_SPIN_LOCKS;WIN32;_DARWIN;_MSC_VER;_M_AMD64;_M_IX86;_M_X64;_SC_PAGESIZE;_SC_PAGE_SIZE;_WIN32;_WIN32_WCE;_WIN32_WINNT;__APPLE__;__FreeBSD__;__GNUC_MINOR__;__GNUC_PATCHLEVEL__;__GNUC__;__INTEL_COMPILER;__MINGW32__;__MINGW64_VERSION_MAJOR;__NetBSD__;__OpenBSD__;__SVR4;__cplusplus;__i386__;__linux__;__sun;__x86_64__;assert;linux;malloc_getpagesize
D:\Pesquisa\Projects\git-analysis\_cppstats_featurelocations\git\compat\nedmalloc\nedmalloc.c.xml,DEBUG;DEFAULT_GRANULARITY;FULLSANITYCHECKS;MAXTHREADSINPOOL;NDEBUG;NO_MALLINFO;NO_NED_NAMESPACE;THREADCACHEMAX;THREADCACHEMAXCACHES;THREADCACHEMAXFREESPACE;USE_LOCKS;WIN32;_DEBUG;_MSC_VER;__GNUC__;__cplusplus
D:\Pesquisa\Projects\git-analysis\_cppstats_featurelocations\git\compat\nedmalloc\nedmalloc.h.xml,EXTSPEC;MALLOCATTR;NEDMALLOC_H;NO_MALLINFO;NO_NED_NAMESPACE;REPLACE_SYSTEM_ALLOCATOR;_MSC_VER;__GNUC__;__cplusplus
D:\Pesquisa\Projects\git-analysis\_cppstats_featurelocations\git\compat\obstack.c.xml,
D:\Pesquisa\Projects\git-analysis\_cppstats_featurelocations\git\compat\obstack.h.xml,
D:\Pesquisa\Projects\git-analysis\_cppstats_featurelocations\git\compat\poll\poll.c.xml,HAVE_SYS_FILIO_H;HAVE_SYS_IOCTL_H;INFTIM;MSG_PEEK;NO_SYS_SELECT_H;OPEN_MAX;PIPE_BUF;WIN32;WIN32_NATIVE;_MSC_VER;_SC_OPEN_MAX;_WIN32;_WIN32_WINNT;__APPLE__;__CYGWIN__;__GNUC_MINOR__;__GNUC__;__MACH__;__WIN32__
D:\Pesquisa\Projects\git-analysis\_cppstats_featurelocations\git\compat\poll\poll.h.xml,_GL_POLL_H;_POSIX_C_SOURCE;_WIN32_WINNT;_XOPEN_SOURCE
D:\Pesquisa\Projects\git-analysis\_cppstats_featurelocations\git\compat\pread.c.xml,
D:\Pesquisa\Projects\git-analysis\_cppstats_featurelocations\git\compat\precompose_utf8.c.xml,
D:\Pesquisa\Projects\git-analysis\_cppstats_featurelocations\git\compat\precompose_utf8.h.xml,PRECOMPOSE_UNICODE_C;PRECOMPOSE_UNICODE_H
D:\Pesquisa\Projects\git-analysis\_cppstats_featurelocations\git\compat\qsort_s.c.xml,
D:\Pesquisa\Projects\git-analysis\_cppstats_featurelocations\git\compat\regex\regcomp.c.xml,
D:\Pesquisa\Projects\git-analysis\_cppstats_featurelocations\git\compat\regex\regex.c.xml,GAWK;HAVE_CONFIG_H;_LIBC;_MSC_VER;__cplusplus
D:\Pesquisa\Projects\git-analysis\_cppstats_featurelocations\git\compat\regex\regex.h.xml,
D:\Pesquisa\Projects\git-analysis\_cppstats_featurelocations\git\compat\regex\regex_internal.c.xml,
D:\Pesquisa\Projects\git-analysis\_cppstats_featurelocations\git\compat\regex\regex_internal.h.xml,
D:\Pesquisa\Projects\git-analysis\_cppstats_featurelocations\git\compat\regex\regexec.c.xml,
D:\Pesquisa\Projects\git-analysis\_cppstats_featurelocations\git\compat\setenv.c.xml,
D:\Pesquisa\Projects\git-analysis\_cppstats_featurelocations\git\compat\sha1-chunked.c.xml,
D:\Pesquisa\Projects\git-analysis\_cppstats_featurelocations\git\compat\sha1-chunked.h.xml,
D:\Pesquisa\Projects\git-analysis\_cppstats_featurelocations\git\compat\snprintf.c.xml,SNPRINTF_SIZE_CORR;WIN32;_MSC_VER;__GNUC__
D:\Pesquisa\Projects\git-analysis\_cppstats_featurelocations\git\compat\stat.c.xml,
D:\Pesquisa\Projects\git-analysis\_cppstats_featurelocations\git\compat\strcasestr.c.xml,
D:\Pesquisa\Projects\git-analysis\_cppstats_featurelocations\git\compat\strdup.c.xml,
D:\Pesquisa\Projects\git-analysis\_cppstats_featurelocations\git\compat\strlcpy.c.xml,
D:\Pesquisa\Projects\git-analysis\_cppstats_featurelocations\git\compat\strtoimax.c.xml,NO_STRTOULL
D:\Pesquisa\Projects\git-analysis\_cppstats_featurelocations\git\compat\strtoumax.c.xml,NO_STRTOULL
D:\Pesquisa\Projects\git-analysis\_cppstats_featurelocations\git\compat\terminal.c.xml,FORCE_TEXT;GIT_WINDOWS_NATIVE;HAVE_DEV_TTY
D:\Pesquisa\Projects\git-analysis\_cppstats_featurelocations\git\compat\terminal.h.xml,COMPAT_TERMINAL_H
D:\Pesquisa\Projects\git-analysis\_cppstats_featurelocations\git\compat\unsetenv.c.xml,__MINGW32__
D:\Pesquisa\Projects\git-analysis\_cppstats_featurelocations\git\compat\vcbuild\include\sys\param.h.xml,
D:\Pesquisa\Projects\git-analysis\_cppstats_featurelocations\git\compat\vcbuild\include\sys\time.h.xml,
D:\Pesquisa\Projects\git-analysis\_cppstats_featurelocations\git\compat\vcbuild\include\sys\utime.h.xml,_NO_OLDNAMES;_UTIME_H_
D:\Pesquisa\Projects\git-analysis\_cppstats_featurelocations\git\compat\vcbuild\include\unistd.h.xml,_MODE_T_;_MSC_VER;_NO_OLDNAMES;_OFF_T_;_SSIZE_T_;_UNISTD_
D:\Pesquisa\Projects\git-analysis\_cppstats_featurelocations\git\compat\vcbuild\include\utime.h.xml,
D:\Pesquisa\Projects\git-analysis\_cppstats_featurelocations\git\compat\win32.h.xml,GIT_WINDOWS_NATIVE;WIN32_H
D:\Pesquisa\Projects\git-analysis\_cppstats_featurelocations\git\compat\win32\alloca.h.xml,
D:\Pesquisa\Projects\git-analysis\_cppstats_featurelocations\git\compat\win32\dirent.c.xml,
D:\Pesquisa\Projects\git-analysis\_cppstats_featurelocations\git\compat\win32\dirent.h.xml,DIRENT_H
D:\Pesquisa\Projects\git-analysis\_cppstats_featurelocations\git\compat\win32\lazyload.h.xml,LAZYLOAD_H
D:\Pesquisa\Projects\git-analysis\_cppstats_featurelocations\git\compat\win32\path-utils.c.xml,
D:\Pesquisa\Projects\git-analysis\_cppstats_featurelocations\git\compat\win32\path-utils.h.xml,WIN32_PATH_UTILS_H
D:\Pesquisa\Projects\git-analysis\_cppstats_featurelocations\git\compat\win32\pthread.c.xml,
D:\Pesquisa\Projects\git-analysis\_cppstats_featurelocations\git\compat\win32\pthread.h.xml,PTHREAD_H;WIN32_LEAN_AND_MEAN;__MINGW64_VERSION_MAJOR
D:\Pesquisa\Projects\git-analysis\_cppstats_featurelocations\git\compat\win32\syslog.c.xml,
D:\Pesquisa\Projects\git-analysis\_cppstats_featurelocations\git\compat\win32\syslog.h.xml,SYSLOG_H
D:\Pesquisa\Projects\git-analysis\_cppstats_featurelocations\git\compat\win32\trace2_win32_process_info.c.xml,
D:\Pesquisa\Projects\git-analysis\_cppstats_featurelocations\git\compat\win32mmap.c.xml,
D:\Pesquisa\Projects\git-analysis\_cppstats_featurelocations\git\compat\winansi.c.xml,DETECT_MSYS_TTY;_MSC_VER;__MINGW32__;__MINGW64_VERSION_MAJOR
D:\Pesquisa\Projects\git-analysis\_cppstats_featurelocations\git\config.c.xml,
D:\Pesquisa\Projects\git-analysis\_cppstats_featurelocations\git\config.h.xml,CONFIG_H;__GNUC__
D:\Pesquisa\Projects\git-analysis\_cppstats_featurelocations\git\connect.c.xml,NO_IPV6
D:\Pesquisa\Projects\git-analysis\_cppstats_featurelocations\git\connect.h.xml,CONNECT_H
D:\Pesquisa\Projects\git-analysis\_cppstats_featurelocations\git\connected.c.xml,
D:\Pesquisa\Projects\git-analysis\_cppstats_featurelocations\git\connected.h.xml,CONNECTED_H
D:\Pesquisa\Projects\git-analysis\_cppstats_featurelocations\git\contrib\credential\gnome-keyring\git-credential-gnome-keyring.c.xml,GLIB_MAJOR_VERSION;GLIB_MINOR_VERSION;GNOME_KEYRING_DEFAULT
D:\Pesquisa\Projects\git-analysis\_cppstats_featurelocations\git\contrib\credential\libsecret\git-credential-libsecret.c.xml,
D:\Pesquisa\Projects\git-analysis\_cppstats_featurelocations\git\contrib\credential\osxkeychain\git-credential-osxkeychain.c.xml,
D:\Pesquisa\Projects\git-analysis\_cppstats_featurelocations\git\contrib\credential\wincred\git-credential-wincred.c.xml,
D:\Pesquisa\Projects\git-analysis\_cppstats_featurelocations\git\contrib\svn-fe\svn-fe.c.xml,
D:\Pesquisa\Projects\git-analysis\_cppstats_featurelocations\git\convert.c.xml,
D:\Pesquisa\Projects\git-analysis\_cppstats_featurelocations\git\convert.h.xml,CONVERT_H;NATIVE_CRLF
D:\Pesquisa\Projects\git-analysis\_cppstats_featurelocations\git\copy.c.xml,
D:\Pesquisa\Projects\git-analysis\_cppstats_featurelocations\git\credential-cache--daemon.c.xml,
D:\Pesquisa\Projects\git-analysis\_cppstats_featurelocations\git\credential-cache.c.xml,
D:\Pesquisa\Projects\git-analysis\_cppstats_featurelocations\git\credential-store.c.xml,
D:\Pesquisa\Projects\git-analysis\_cppstats_featurelocations\git\credential.c.xml,
D:\Pesquisa\Projects\git-analysis\_cppstats_featurelocations\git\credential.h.xml,CREDENTIAL_H
D:\Pesquisa\Projects\git-analysis\_cppstats_featurelocations\git\csum-file.c.xml,
D:\Pesquisa\Projects\git-analysis\_cppstats_featurelocations\git\csum-file.h.xml,CSUM_FILE_H
D:\Pesquisa\Projects\git-analysis\_cppstats_featurelocations\git\ctype.c.xml,
D:\Pesquisa\Projects\git-analysis\_cppstats_featurelocations\git\daemon.c.xml,IPV6_V6ONLY;NO_INITGROUPS;NO_IPV6;NO_POSIX_GOODIES
D:\Pesquisa\Projects\git-analysis\_cppstats_featurelocations\git\date.c.xml,
D:\Pesquisa\Projects\git-analysis\_cppstats_featurelocations\git\decorate.c.xml,
D:\Pesquisa\Projects\git-analysis\_cppstats_featurelocations\git\decorate.h.xml,DECORATE_H
D:\Pesquisa\Projects\git-analysis\_cppstats_featurelocations\git\delta-islands.c.xml,
D:\Pesquisa\Projects\git-analysis\_cppstats_featurelocations\git\delta-islands.h.xml,DELTA_ISLANDS_H
D:\Pesquisa\Projects\git-analysis\_cppstats_featurelocations\git\delta.h.xml,DELTA_H
D:\Pesquisa\Projects\git-analysis\_cppstats_featurelocations\git\diff-delta.c.xml,
D:\Pesquisa\Projects\git-analysis\_cppstats_featurelocations\git\diff-lib.c.xml,
D:\Pesquisa\Projects\git-analysis\_cppstats_featurelocations\git\diff-no-index.c.xml,GIT_WINDOWS_NATIVE
D:\Pesquisa\Projects\git-analysis\_cppstats_featurelocations\git\diff.c.xml,DIFF_DEBUG;NO_FAST_WORKING_DIRECTORY
D:\Pesquisa\Projects\git-analysis\_cppstats_featurelocations\git\diff.h.xml,DIFF_H;NO_THE_REPOSITORY_COMPATIBILITY_MACROS
D:\Pesquisa\Projects\git-analysis\_cppstats_featurelocations\git\diffcore-break.c.xml,
D:\Pesquisa\Projects\git-analysis\_cppstats_featurelocations\git\diffcore-delta.c.xml,
D:\Pesquisa\Projects\git-analysis\_cppstats_featurelocations\git\diffcore-order.c.xml,
D:\Pesquisa\Projects\git-analysis\_cppstats_featurelocations\git\diffcore-pickaxe.c.xml,
D:\Pesquisa\Projects\git-analysis\_cppstats_featurelocations\git\diffcore-rename.c.xml,
D:\Pesquisa\Projects\git-analysis\_cppstats_featurelocations\git\diffcore.h.xml,DIFFCORE_H;DIFF_DEBUG
D:\Pesquisa\Projects\git-analysis\_cppstats_featurelocations\git\dir-iterator.c.xml,
D:\Pesquisa\Projects\git-analysis\_cppstats_featurelocations\git\dir-iterator.h.xml,DIR_ITERATOR_H
D:\Pesquisa\Projects\git-analysis\_cppstats_featurelocations\git\dir.c.xml,
D:\Pesquisa\Projects\git-analysis\_cppstats_featurelocations\git\dir.h.xml,DIR_H
D:\Pesquisa\Projects\git-analysis\_cppstats_featurelocations\git\editor.c.xml,DEFAULT_EDITOR
D:\Pesquisa\Projects\git-analysis\_cppstats_featurelocations\git\entry.c.xml,GIT_WINDOWS_NATIVE;__CYGWIN__
D:\Pesquisa\Projects\git-analysis\_cppstats_featurelocations\git\environment.c.xml,OBJECT_CREATION_MODE;PROTECT_HFS_DEFAULT;PROTECT_NTFS_DEFAULT
D:\Pesquisa\Projects\git-analysis\_cppstats_featurelocations\git\ewah\bitmap.c.xml,
D:\Pesquisa\Projects\git-analysis\_cppstats_featurelocations\git\ewah\ewah_bitmap.c.xml,
D:\Pesquisa\Projects\git-analysis\_cppstats_featurelocations\git\ewah\ewah_io.c.xml,
D:\Pesquisa\Projects\git-analysis\_cppstats_featurelocations\git\ewah\ewah_rlw.c.xml,
D:\Pesquisa\Projects\git-analysis\_cppstats_featurelocations\git\ewah\ewok.h.xml,__EWOK_BITMAP_H__;__GNUC_MINOR;__GNUC__
D:\Pesquisa\Projects\git-analysis\_cppstats_featurelocations\git\ewah\ewok_rlw.h.xml,__EWOK_RLW_H__
D:\Pesquisa\Projects\git-analysis\_cppstats_featurelocations\git\exec-cmd.c.xml,HAVE_BSD_KERN_PROC_SYSCTL;HAVE_NS_GET_EXECUTABLE_PATH;HAVE_WPGMPTR;PROCFS_EXECUTABLE_PATH;RUNTIME_PREFIX
D:\Pesquisa\Projects\git-analysis\_cppstats_featurelocations\git\exec-cmd.h.xml,GIT_EXEC_CMD_H
D:\Pesquisa\Projects\git-analysis\_cppstats_featurelocations\git\fast-import.c.xml,SIGUSR1
D:\Pesquisa\Projects\git-analysis\_cppstats_featurelocations\git\fetch-negotiator.c.xml,
D:\Pesquisa\Projects\git-analysis\_cppstats_featurelocations\git\fetch-negotiator.h.xml,FETCH_NEGOTIATOR_H
D:\Pesquisa\Projects\git-analysis\_cppstats_featurelocations\git\fetch-pack.c.xml,
D:\Pesquisa\Projects\git-analysis\_cppstats_featurelocations\git\fetch-pack.h.xml,FETCH_PACK_H
D:\Pesquisa\Projects\git-analysis\_cppstats_featurelocations\git\fmt-merge-msg.h.xml,FMT_MERGE_MSG_H
D:\Pesquisa\Projects\git-analysis\_cppstats_featurelocations\git\fsck.c.xml,
D:\Pesquisa\Projects\git-analysis\_cppstats_featurelocations\git\fsck.h.xml,GIT_FSCK_H
D:\Pesquisa\Projects\git-analysis\_cppstats_featurelocations\git\fsmonitor.c.xml,
D:\Pesquisa\Projects\git-analysis\_cppstats_featurelocations\git\fsmonitor.h.xml,FSMONITOR_H
D:\Pesquisa\Projects\git-analysis\_cppstats_featurelocations\git\fuzz-commit-graph.c.xml,
D:\Pesquisa\Projects\git-analysis\_cppstats_featurelocations\git\fuzz-pack-headers.c.xml,
D:\Pesquisa\Projects\git-analysis\_cppstats_featurelocations\git\fuzz-pack-idx.c.xml,
D:\Pesquisa\Projects\git-analysis\_cppstats_featurelocations\git\gettext.c.xml,GIT_WINDOWS_NATIVE;HAVE_LIBCHARSET_H;NO_GETTEXT
D:\Pesquisa\Projects\git-analysis\_cppstats_featurelocations\git\gettext.h.xml,GETTEXT_H;NO_GETTEXT;Q_;USE_PARENS_AROUND_GETTEXT_N;_;gettext;ngettext
D:\Pesquisa\Projects\git-analysis\_cppstats_featurelocations\git\git-compat-util.h.xml,APPLE_COMMON_CRYPTO;COMPAT_CODE_ACCESS;COMPAT_CODE_FILENO;DIR_HAS_BSD_GROUP_SEMANTICS;FILENO_IS_A_MACRO;FLEX_ARRAY;FREAD_READS_DIRECTORIES;GIT_COMPAT_UTIL_H;GMTIME_UNRELIABLE_ERRORS;HAVE_ALLOCA_H;HAVE_BSD_SYSCTL;HAVE_ISO_QSORT_S;HAVE_PATHS_H;HAVE_STRCHRNUL;HAVE_STRINGS_H;HAVE_SYSINFO;HAVE_VARIADIC_MACROS;HOST_NAME_MAX;INTERNAL_QSORT;MAP_FAILED;MKDIR_WO_TRAILING_SLASH;NEEDS_MODE_TRANSLATION;NEEDS_SYS_PARAM_H;NEED_ACCESS_ROOT_HANDLER;NI_MAXHOST;NI_MAXSERV;NO_GETPAGESIZE;NO_HSTRERROR;NO_ICONV;NO_INET_NTOP;NO_INET_PTON;NO_INTPTR_T;NO_INTTYPES_H;NO_LIBGEN_H;NO_MEMMEM;NO_MKDTEMP;NO_MMAP;NO_NORETURN;NO_NSEC;NO_OPENSSL;NO_POLL_H;NO_PREAD;NO_PTHREADS;NO_SETENV;NO_SETITIMER;NO_STRCASESTR;NO_STRLCPY;NO_STRTOUMAX;NO_STRUCT_ITIMERVAL;NO_ST_BLOCKS_IN_STRUCT_STAT;NO_SYS_POLL_H;NO_SYS_SELECT_H;NO_UNSETENV;NSIG;OVERRIDE_STRDUP;O_CLOEXEC;PATH_MAX;PATH_SEP;PRECOMPOSE_UNICODE;PROT_READ;REG_STARTEND;SHELL_PATH;SNPRINTF_RETURNS_BOGUS;SUPPRESS_ANNOTATED_LEAKS;SUPPRESS_FOPEN_REDEFINITION;UNRELIABLE_FSTAT;USE_MSVC_CRTDBG;USE_PARENS_AROUND_GETTEXT_N;USE_ST_TIMESPEC;USE_WIN32_MMAP;WIN32;_MSC_VER;_M_UNIX;_PATH_DEFPATH;_POSIX_THREAD_SAFE_FUNCTIONS;_WIN32_WINNT;__APPLE__;__C99_MACRO_WITH_VA_ARGS;__CYGWIN__;__DragonFly__;__FreeBSD__;__GLIBC_PREREQ;__GNUC_MINOR__;__GNUC__;__HP_cc;__MINGW32__;__MirBSD__;__QNX__;__STDC_VERSION__;__SUNPRO_C;__TANDEM;__USLC__;__attribute__;__sgi;__sun__;__va_copy;access;find_last_dir_sep;fopen;fstat;has_dos_drive_prefix;is_dir_sep;is_valid_path;lstat;offset_1st_component;platform_core_config;query_user_email;skip_dos_drive_prefix;snprintf;stat;strdup;va_copy;vsnprintf
D:\Pesquisa\Projects\git-analysis\_cppstats_featurelocations\git\git.c.xml,STRIP_EXTENSION
D:\Pesquisa\Projects\git-analysis\_cppstats_featurelocations\git\gpg-interface.c.xml,
D:\Pesquisa\Projects\git-analysis\_cppstats_featurelocations\git\gpg-interface.h.xml,GPG_INTERFACE_H
D:\Pesquisa\Projects\git-analysis\_cppstats_featurelocations\git\graph.c.xml,
D:\Pesquisa\Projects\git-analysis\_cppstats_featurelocations\git\graph.h.xml,GRAPH_H
D:\Pesquisa\Projects\git-analysis\_cppstats_featurelocations\git\grep.c.xml,NO_LIBPCRE1_JIT;PCRE_CONFIG_JIT;USE_LIBPCRE1;USE_LIBPCRE2
D:\Pesquisa\Projects\git-analysis\_cppstats_featurelocations\git\grep.h.xml,GREP_H;PCRE_NO_UTF8_CHECK;USE_LIBPCRE1;USE_LIBPCRE2
D:\Pesquisa\Projects\git-analysis\_cppstats_featurelocations\git\hash.h.xml,HASH_H;SHA1_APPLE;SHA1_DC;SHA1_MAX_BLOCK_SIZE;SHA1_OPENSSL;SHA1_PPC;SHA256_GCRYPT;SHA256_NEEDS_CLONE_HELPER;SHA256_OPENSSL;platform_SHA256_CTX;platform_SHA256_Clone;platform_SHA_CTX
D:\Pesquisa\Projects\git-analysis\_cppstats_featurelocations\git\hashmap.c.xml,
D:\Pesquisa\Projects\git-analysis\_cppstats_featurelocations\git\hashmap.h.xml,HASHMAP_H
D:\Pesquisa\Projects\git-analysis\_cppstats_featurelocations\git\help.c.xml,
D:\Pesquisa\Projects\git-analysis\_cppstats_featurelocations\git\help.h.xml,HELP_H
D:\Pesquisa\Projects\git-analysis\_cppstats_featurelocations\git\hex.c.xml,
D:\Pesquisa\Projects\git-analysis\_cppstats_featurelocations\git\http-backend.c.xml,
D:\Pesquisa\Projects\git-analysis\_cppstats_featurelocations\git\http-fetch.c.xml,
D:\Pesquisa\Projects\git-analysis\_cppstats_featurelocations\git\http-push.c.xml,EXPAT_NEEDS_XMLPARSE_H;NO_CURL_IOCTL;USE_CURL_MULTI;XML_STATUS_OK
D:\Pesquisa\Projects\git-analysis\_cppstats_featurelocations\git\http-walker.c.xml,USE_CURL_MULTI
D:\Pesquisa\Projects\git-analysis\_cppstats_featurelocations\git\http.c.xml,CURLAUTH_DIGEST_IE;CURLGSSAPI_DELEGATION_FLAG;CURLOPT_USE_SSL;CURLPROTO_HTTP;LIBCURL_CAN_HANDLE_AUTH_ANY;LIBCURL_VERSION_NUM;NO_CURL_EASY_DUPHANDLE;NO_CURL_IOCTL;USE_CURL_MULTI
D:\Pesquisa\Projects\git-analysis\_cppstats_featurelocations\git\http.h.xml,CURLOPT_FTP_SSL;CURLOPT_USE_SSL;HTTP_H;LIBCURL_VERSION_NUM;NO_CURL_IOCTL;USE_CURL_MULTI
D:\Pesquisa\Projects\git-analysis\_cppstats_featurelocations\git\ident.c.xml,NO_GECOS_IN_PWENT;NO_IPV6;WINDOWS
D:\Pesquisa\Projects\git-analysis\_cppstats_featurelocations\git\imap-send.c.xml,LIBCURL_VERSION_NUM;NO_IPV6;NO_OPENSSL;OPENSSL_VERSION_NUMBER;SSL_CTRL_SET_TLSEXT_HOSTNAME;USE_CURL_FOR_IMAP_SEND
D:\Pesquisa\Projects\git-analysis\_cppstats_featurelocations\git\interdiff.c.xml,
D:\Pesquisa\Projects\git-analysis\_cppstats_featurelocations\git\interdiff.h.xml,INTERDIFF_H
D:\Pesquisa\Projects\git-analysis\_cppstats_featurelocations\git\iterator.h.xml,ITERATOR_H
D:\Pesquisa\Projects\git-analysis\_cppstats_featurelocations\git\json-writer.c.xml,
D:\Pesquisa\Projects\git-analysis\_cppstats_featurelocations\git\json-writer.h.xml,JSON_WRITER_H
D:\Pesquisa\Projects\git-analysis\_cppstats_featurelocations\git\khash.h.xml,__AC_KHASH_H
D:\Pesquisa\Projects\git-analysis\_cppstats_featurelocations\git\kwset.c.xml,
D:\Pesquisa\Projects\git-analysis\_cppstats_featurelocations\git\kwset.h.xml,KWSET_H
D:\Pesquisa\Projects\git-analysis\_cppstats_featurelocations\git\levenshtein.c.xml,
D:\Pesquisa\Projects\git-analysis\_cppstats_featurelocations\git\levenshtein.h.xml,LEVENSHTEIN_H
D:\Pesquisa\Projects\git-analysis\_cppstats_featurelocations\git\line-log.c.xml,
D:\Pesquisa\Projects\git-analysis\_cppstats_featurelocations\git\line-log.h.xml,LINE_LOG_H
D:\Pesquisa\Projects\git-analysis\_cppstats_featurelocations\git\line-range.c.xml,
D:\Pesquisa\Projects\git-analysis\_cppstats_featurelocations\git\line-range.h.xml,LINE_RANGE_H
D:\Pesquisa\Projects\git-analysis\_cppstats_featurelocations\git\linear-assignment.c.xml,
D:\Pesquisa\Projects\git-analysis\_cppstats_featurelocations\git\linear-assignment.h.xml,LINEAR_ASSIGNMENT_H
D:\Pesquisa\Projects\git-analysis\_cppstats_featurelocations\git\list-objects-filter-options.c.xml,
D:\Pesquisa\Projects\git-analysis\_cppstats_featurelocations\git\list-objects-filter-options.h.xml,LIST_OBJECTS_FILTER_OPTIONS_H
D:\Pesquisa\Projects\git-analysis\_cppstats_featurelocations\git\list-objects-filter.c.xml,
D:\Pesquisa\Projects\git-analysis\_cppstats_featurelocations\git\list-objects-filter.h.xml,LIST_OBJECTS_FILTER_H
D:\Pesquisa\Projects\git-analysis\_cppstats_featurelocations\git\list-objects.c.xml,
D:\Pesquisa\Projects\git-analysis\_cppstats_featurelocations\git\list-objects.h.xml,LIST_OBJECTS_H
D:\Pesquisa\Projects\git-analysis\_cppstats_featurelocations\git\list.h.xml,LIST_H
D:\Pesquisa\Projects\git-analysis\_cppstats_featurelocations\git\ll-merge.c.xml,
D:\Pesquisa\Projects\git-analysis\_cppstats_featurelocations\git\ll-merge.h.xml,LL_MERGE_H
D:\Pesquisa\Projects\git-analysis\_cppstats_featurelocations\git\lockfile.c.xml,
D:\Pesquisa\Projects\git-analysis\_cppstats_featurelocations\git\lockfile.h.xml,LOCKFILE_H
D:\Pesquisa\Projects\git-analysis\_cppstats_featurelocations\git\log-tree.c.xml,
D:\Pesquisa\Projects\git-analysis\_cppstats_featurelocations\git\log-tree.h.xml,LOG_TREE_H
D:\Pesquisa\Projects\git-analysis\_cppstats_featurelocations\git\ls-refs.c.xml,
D:\Pesquisa\Projects\git-analysis\_cppstats_featurelocations\git\ls-refs.h.xml,LS_REFS_H
D:\Pesquisa\Projects\git-analysis\_cppstats_featurelocations\git\mailinfo.c.xml,
D:\Pesquisa\Projects\git-analysis\_cppstats_featurelocations\git\mailinfo.h.xml,MAILINFO_H
D:\Pesquisa\Projects\git-analysis\_cppstats_featurelocations\git\mailmap.c.xml,DEBUG_MAILMAP
D:\Pesquisa\Projects\git-analysis\_cppstats_featurelocations\git\mailmap.h.xml,MAILMAP_H
D:\Pesquisa\Projects\git-analysis\_cppstats_featurelocations\git\match-trees.c.xml,
D:\Pesquisa\Projects\git-analysis\_cppstats_featurelocations\git\mem-pool.c.xml,
D:\Pesquisa\Projects\git-analysis\_cppstats_featurelocations\git\mem-pool.h.xml,MEM_POOL_H
D:\Pesquisa\Projects\git-analysis\_cppstats_featurelocations\git\merge-blobs.c.xml,
D:\Pesquisa\Projects\git-analysis\_cppstats_featurelocations\git\merge-blobs.h.xml,MERGE_BLOBS_H
D:\Pesquisa\Projects\git-analysis\_cppstats_featurelocations\git\merge-recursive.c.xml,
D:\Pesquisa\Projects\git-analysis\_cppstats_featurelocations\git\merge-recursive.h.xml,MERGE_RECURSIVE_H
D:\Pesquisa\Projects\git-analysis\_cppstats_featurelocations\git\merge.c.xml,
D:\Pesquisa\Projects\git-analysis\_cppstats_featurelocations\git\mergesort.c.xml,
D:\Pesquisa\Projects\git-analysis\_cppstats_featurelocations\git\mergesort.h.xml,MERGESORT_H
D:\Pesquisa\Projects\git-analysis\_cppstats_featurelocations\git\midx.c.xml,
D:\Pesquisa\Projects\git-analysis\_cppstats_featurelocations\git\midx.h.xml,MIDX_H
D:\Pesquisa\Projects\git-analysis\_cppstats_featurelocations\git\name-hash.c.xml,
D:\Pesquisa\Projects\git-analysis\_cppstats_featurelocations\git\negotiator\default.c.xml,
D:\Pesquisa\Projects\git-analysis\_cppstats_featurelocations\git\negotiator\default.h.xml,NEGOTIATOR_DEFAULT_H
D:\Pesquisa\Projects\git-analysis\_cppstats_featurelocations\git\negotiator\skipping.c.xml,
D:\Pesquisa\Projects\git-analysis\_cppstats_featurelocations\git\negotiator\skipping.h.xml,NEGOTIATOR_SKIPPING_H
D:\Pesquisa\Projects\git-analysis\_cppstats_featurelocations\git\notes-cache.c.xml,
D:\Pesquisa\Projects\git-analysis\_cppstats_featurelocations\git\notes-cache.h.xml,NOTES_CACHE_H
D:\Pesquisa\Projects\git-analysis\_cppstats_featurelocations\git\notes-merge.c.xml,
D:\Pesquisa\Projects\git-analysis\_cppstats_featurelocations\git\notes-merge.h.xml,NOTES_MERGE_H
D:\Pesquisa\Projects\git-analysis\_cppstats_featurelocations\git\notes-utils.c.xml,
D:\Pesquisa\Projects\git-analysis\_cppstats_featurelocations\git\notes-utils.h.xml,NOTES_UTILS_H
D:\Pesquisa\Projects\git-analysis\_cppstats_featurelocations\git\notes.c.xml,
D:\Pesquisa\Projects\git-analysis\_cppstats_featurelocations\git\notes.h.xml,NOTES_H
D:\Pesquisa\Projects\git-analysis\_cppstats_featurelocations\git\object-store.h.xml,NO_THE_REPOSITORY_COMPATIBILITY_MACROS;OBJECT_STORE_H
D:\Pesquisa\Projects\git-analysis\_cppstats_featurelocations\git\object.c.xml,
D:\Pesquisa\Projects\git-analysis\_cppstats_featurelocations\git\object.h.xml,OBJECT_H
D:\Pesquisa\Projects\git-analysis\_cppstats_featurelocations\git\oidmap.c.xml,
D:\Pesquisa\Projects\git-analysis\_cppstats_featurelocations\git\oidmap.h.xml,OIDMAP_H
D:\Pesquisa\Projects\git-analysis\_cppstats_featurelocations\git\oidset.c.xml,
D:\Pesquisa\Projects\git-analysis\_cppstats_featurelocations\git\oidset.h.xml,OIDSET_H
D:\Pesquisa\Projects\git-analysis\_cppstats_featurelocations\git\pack-bitmap-write.c.xml,
D:\Pesquisa\Projects\git-analysis\_cppstats_featurelocations\git\pack-bitmap.c.xml,
D:\Pesquisa\Projects\git-analysis\_cppstats_featurelocations\git\pack-bitmap.h.xml,PACK_BITMAP_H
D:\Pesquisa\Projects\git-analysis\_cppstats_featurelocations\git\pack-check.c.xml,
D:\Pesquisa\Projects\git-analysis\_cppstats_featurelocations\git\pack-objects.c.xml,
D:\Pesquisa\Projects\git-analysis\_cppstats_featurelocations\git\pack-objects.h.xml,PACK_OBJECTS_H
D:\Pesquisa\Projects\git-analysis\_cppstats_featurelocations\git\pack-revindex.c.xml,
D:\Pesquisa\Projects\git-analysis\_cppstats_featurelocations\git\pack-revindex.h.xml,PACK_REVINDEX_H
D:\Pesquisa\Projects\git-analysis\_cppstats_featurelocations\git\pack-write.c.xml,
D:\Pesquisa\Projects\git-analysis\_cppstats_featurelocations\git\pack.h.xml,PACK_H
D:\Pesquisa\Projects\git-analysis\_cppstats_featurelocations\git\packfile.c.xml,OPEN_MAX;RLIMIT_NOFILE;_SC_OPEN_MAX
D:\Pesquisa\Projects\git-analysis\_cppstats_featurelocations\git\packfile.h.xml,PACKFILE_H
D:\Pesquisa\Projects\git-analysis\_cppstats_featurelocations\git\pager.c.xml,DEFAULT_PAGER;TIOCGWINSZ
D:\Pesquisa\Projects\git-analysis\_cppstats_featurelocations\git\parse-options-cb.c.xml,
D:\Pesquisa\Projects\git-analysis\_cppstats_featurelocations\git\parse-options.c.xml,
D:\Pesquisa\Projects\git-analysis\_cppstats_featurelocations\git\parse-options.h.xml,PARSE_OPTIONS_H
D:\Pesquisa\Projects\git-analysis\_cppstats_featurelocations\git\patch-delta.c.xml,
D:\Pesquisa\Projects\git-analysis\_cppstats_featurelocations\git\patch-ids.c.xml,
D:\Pesquisa\Projects\git-analysis\_cppstats_featurelocations\git\patch-ids.h.xml,PATCH_IDS_H
D:\Pesquisa\Projects\git-analysis\_cppstats_featurelocations\git\path.c.xml,GIT_WINDOWS_NATIVE
D:\Pesquisa\Projects\git-analysis\_cppstats_featurelocations\git\path.h.xml,PATH_H
D:\Pesquisa\Projects\git-analysis\_cppstats_featurelocations\git\pathspec.c.xml,
D:\Pesquisa\Projects\git-analysis\_cppstats_featurelocations\git\pathspec.h.xml,PATHSPEC_H
D:\Pesquisa\Projects\git-analysis\_cppstats_featurelocations\git\pkt-line.c.xml,
D:\Pesquisa\Projects\git-analysis\_cppstats_featurelocations\git\pkt-line.h.xml,PKTLINE_H
D:\Pesquisa\Projects\git-analysis\_cppstats_featurelocations\git\ppc\sha1.c.xml,
D:\Pesquisa\Projects\git-analysis\_cppstats_featurelocations\git\ppc\sha1.h.xml,
D:\Pesquisa\Projects\git-analysis\_cppstats_featurelocations\git\preload-index.c.xml,
D:\Pesquisa\Projects\git-analysis\_cppstats_featurelocations\git\pretty.c.xml,
D:\Pesquisa\Projects\git-analysis\_cppstats_featurelocations\git\pretty.h.xml,NO_THE_REPOSITORY_COMPATIBILITY_MACROS;PRETTY_H
D:\Pesquisa\Projects\git-analysis\_cppstats_featurelocations\git\prio-queue.c.xml,
D:\Pesquisa\Projects\git-analysis\_cppstats_featurelocations\git\prio-queue.h.xml,PRIO_QUEUE_H
D:\Pesquisa\Projects\git-analysis\_cppstats_featurelocations\git\progress.c.xml,
D:\Pesquisa\Projects\git-analysis\_cppstats_featurelocations\git\progress.h.xml,PROGRESS_H
D:\Pesquisa\Projects\git-analysis\_cppstats_featurelocations\git\promisor-remote.c.xml,
D:\Pesquisa\Projects\git-analysis\_cppstats_featurelocations\git\promisor-remote.h.xml,PROMISOR_REMOTE_H
D:\Pesquisa\Projects\git-analysis\_cppstats_featurelocations\git\prompt.c.xml,
D:\Pesquisa\Projects\git-analysis\_cppstats_featurelocations\git\prompt.h.xml,PROMPT_H
D:\Pesquisa\Projects\git-analysis\_cppstats_featurelocations\git\protocol.c.xml,
D:\Pesquisa\Projects\git-analysis\_cppstats_featurelocations\git\protocol.h.xml,PROTOCOL_H
D:\Pesquisa\Projects\git-analysis\_cppstats_featurelocations\git\quote.c.xml,
D:\Pesquisa\Projects\git-analysis\_cppstats_featurelocations\git\quote.h.xml,QUOTE_H
D:\Pesquisa\Projects\git-analysis\_cppstats_featurelocations\git\range-diff.c.xml,
D:\Pesquisa\Projects\git-analysis\_cppstats_featurelocations\git\range-diff.h.xml,RANGE_DIFF_H
D:\Pesquisa\Projects\git-analysis\_cppstats_featurelocations\git\reachable.c.xml,
D:\Pesquisa\Projects\git-analysis\_cppstats_featurelocations\git\reachable.h.xml,REACHEABLE_H
D:\Pesquisa\Projects\git-analysis\_cppstats_featurelocations\git\read-cache.c.xml,GIT_WINDOWS_NATIVE;USE_NSEC;USE_STDEV
D:\Pesquisa\Projects\git-analysis\_cppstats_featurelocations\git\rebase-interactive.c.xml,
D:\Pesquisa\Projects\git-analysis\_cppstats_featurelocations\git\rebase-interactive.h.xml,REBASE_INTERACTIVE_H
D:\Pesquisa\Projects\git-analysis\_cppstats_featurelocations\git\rebase.c.xml,
D:\Pesquisa\Projects\git-analysis\_cppstats_featurelocations\git\rebase.h.xml,REBASE_H
D:\Pesquisa\Projects\git-analysis\_cppstats_featurelocations\git\ref-filter.c.xml,
D:\Pesquisa\Projects\git-analysis\_cppstats_featurelocations\git\ref-filter.h.xml,REF_FILTER_H
D:\Pesquisa\Projects\git-analysis\_cppstats_featurelocations\git\reflog-walk.c.xml,
D:\Pesquisa\Projects\git-analysis\_cppstats_featurelocations\git\reflog-walk.h.xml,REFLOG_WALK_H
D:\Pesquisa\Projects\git-analysis\_cppstats_featurelocations\git\refs.c.xml,
D:\Pesquisa\Projects\git-analysis\_cppstats_featurelocations\git\refs.h.xml,REFS_H
D:\Pesquisa\Projects\git-analysis\_cppstats_featurelocations\git\refs\files-backend.c.xml,NO_SYMLINK_HEAD
D:\Pesquisa\Projects\git-analysis\_cppstats_featurelocations\git\refs\iterator.c.xml,
D:\Pesquisa\Projects\git-analysis\_cppstats_featurelocations\git\refs\packed-backend.c.xml,MMAP_PREVENTS_DELETE;NO_MMAP
D:\Pesquisa\Projects\git-analysis\_cppstats_featurelocations\git\refs\packed-backend.h.xml,REFS_PACKED_BACKEND_H
D:\Pesquisa\Projects\git-analysis\_cppstats_featurelocations\git\refs\ref-cache.c.xml,
D:\Pesquisa\Projects\git-analysis\_cppstats_featurelocations\git\refs\ref-cache.h.xml,REFS_REF_CACHE_H
D:\Pesquisa\Projects\git-analysis\_cppstats_featurelocations\git\refs\refs-internal.h.xml,REFS_REFS_INTERNAL_H
D:\Pesquisa\Projects\git-analysis\_cppstats_featurelocations\git\refspec.c.xml,
D:\Pesquisa\Projects\git-analysis\_cppstats_featurelocations\git\refspec.h.xml,REFSPEC_H
D:\Pesquisa\Projects\git-analysis\_cppstats_featurelocations\git\remote-curl.c.xml,LIBCURL_VERSION_NUM;NO_CURL_IOCTL
D:\Pesquisa\Projects\git-analysis\_cppstats_featurelocations\git\remote-testsvn.c.xml,
D:\Pesquisa\Projects\git-analysis\_cppstats_featurelocations\git\remote.c.xml,
D:\Pesquisa\Projects\git-analysis\_cppstats_featurelocations\git\remote.h.xml,REMOTE_H
D:\Pesquisa\Projects\git-analysis\_cppstats_featurelocations\git\replace-object.c.xml,
D:\Pesquisa\Projects\git-analysis\_cppstats_featurelocations\git\replace-object.h.xml,REPLACE_OBJECT_H
D:\Pesquisa\Projects\git-analysis\_cppstats_featurelocations\git\repo-settings.c.xml,
D:\Pesquisa\Projects\git-analysis\_cppstats_featurelocations\git\repository.c.xml,ENABLE_SHA256
D:\Pesquisa\Projects\git-analysis\_cppstats_featurelocations\git\repository.h.xml,REPOSITORY_H
D:\Pesquisa\Projects\git-analysis\_cppstats_featurelocations\git\rerere.c.xml,
D:\Pesquisa\Projects\git-analysis\_cppstats_featurelocations\git\rerere.h.xml,NO_THE_REPOSITORY_COMPATIBILITY_MACROS;RERERE_H
D:\Pesquisa\Projects\git-analysis\_cppstats_featurelocations\git\resolve-undo.c.xml,
D:\Pesquisa\Projects\git-analysis\_cppstats_featurelocations\git\resolve-undo.h.xml,RESOLVE_UNDO_H
D:\Pesquisa\Projects\git-analysis\_cppstats_featurelocations\git\revision.c.xml,
D:\Pesquisa\Projects\git-analysis\_cppstats_featurelocations\git\revision.h.xml,NO_THE_REPOSITORY_COMPATIBILITY_MACROS;REVISION_H
D:\Pesquisa\Projects\git-analysis\_cppstats_featurelocations\git\run-command.c.xml,GIT_WINDOWS_NATIVE;NO_PTHREADS;STRIP_EXTENSION
D:\Pesquisa\Projects\git-analysis\_cppstats_featurelocations\git\run-command.h.xml,NO_PTHREADS;RUN_COMMAND_H
D:\Pesquisa\Projects\git-analysis\_cppstats_featurelocations\git\send-pack.c.xml,
D:\Pesquisa\Projects\git-analysis\_cppstats_featurelocations\git\send-pack.h.xml,SEND_PACK_H
D:\Pesquisa\Projects\git-analysis\_cppstats_featurelocations\git\sequencer.c.xml,
D:\Pesquisa\Projects\git-analysis\_cppstats_featurelocations\git\sequencer.h.xml,SEQUENCER_H
D:\Pesquisa\Projects\git-analysis\_cppstats_featurelocations\git\serve.c.xml,
D:\Pesquisa\Projects\git-analysis\_cppstats_featurelocations\git\serve.h.xml,SERVE_H
D:\Pesquisa\Projects\git-analysis\_cppstats_featurelocations\git\server-info.c.xml,
D:\Pesquisa\Projects\git-analysis\_cppstats_featurelocations\git\setup.c.xml,NO_POSIX_GOODIES
D:\Pesquisa\Projects\git-analysis\_cppstats_featurelocations\git\sh-i18n--envsubst.c.xml,
D:\Pesquisa\Projects\git-analysis\_cppstats_featurelocations\git\sha1-array.c.xml,
D:\Pesquisa\Projects\git-analysis\_cppstats_featurelocations\git\sha1-array.h.xml,SHA1_ARRAY_H
D:\Pesquisa\Projects\git-analysis\_cppstats_featurelocations\git\sha1-file.c.xml,FD_CLOEXEC;F_GETFD;F_SETFD
D:\Pesquisa\Projects\git-analysis\_cppstats_featurelocations\git\sha1-lookup.c.xml,
D:\Pesquisa\Projects\git-analysis\_cppstats_featurelocations\git\sha1-lookup.h.xml,SHA1_LOOKUP_H
D:\Pesquisa\Projects\git-analysis\_cppstats_featurelocations\git\sha1-name.c.xml,
D:\Pesquisa\Projects\git-analysis\_cppstats_featurelocations\git\sha1dc\sha1.c.xml,BUILDNOCOLLDETECTSHA1COMPRESSION;DOSTORESTATE0;DOSTORESTATE00;DOSTORESTATE01;DOSTORESTATE02;DOSTORESTATE03;DOSTORESTATE04;DOSTORESTATE05;DOSTORESTATE06;DOSTORESTATE07;DOSTORESTATE08;DOSTORESTATE09;DOSTORESTATE1;DOSTORESTATE10;DOSTORESTATE11;DOSTORESTATE12;DOSTORESTATE13;DOSTORESTATE14;DOSTORESTATE15;DOSTORESTATE16;DOSTORESTATE17;DOSTORESTATE18;DOSTORESTATE19;DOSTORESTATE2;DOSTORESTATE20;DOSTORESTATE21;DOSTORESTATE22;DOSTORESTATE23;DOSTORESTATE24;DOSTORESTATE25;DOSTORESTATE26;DOSTORESTATE27;DOSTORESTATE28;DOSTORESTATE29;DOSTORESTATE3;DOSTORESTATE30;DOSTORESTATE31;DOSTORESTATE32;DOSTORESTATE33;DOSTORESTATE34;DOSTORESTATE35;DOSTORESTATE36;DOSTORESTATE37;DOSTORESTATE38;DOSTORESTATE39;DOSTORESTATE4;DOSTORESTATE40;DOSTORESTATE41;DOSTORESTATE42;DOSTORESTATE43;DOSTORESTATE44;DOSTORESTATE45;DOSTORESTATE46;DOSTORESTATE47;DOSTORESTATE48;DOSTORESTATE49;DOSTORESTATE5;DOSTORESTATE50;DOSTORESTATE51;DOSTORESTATE52;DOSTORESTATE53;DOSTORESTATE54;DOSTORESTATE55;DOSTORESTATE56;DOSTORESTATE57;DOSTORESTATE58;DOSTORESTATE59;DOSTORESTATE6;DOSTORESTATE60;DOSTORESTATE61;DOSTORESTATE62;DOSTORESTATE63;DOSTORESTATE64;DOSTORESTATE65;DOSTORESTATE66;DOSTORESTATE67;DOSTORESTATE68;DOSTORESTATE69;DOSTORESTATE7;DOSTORESTATE70;DOSTORESTATE71;DOSTORESTATE72;DOSTORESTATE73;DOSTORESTATE74;DOSTORESTATE75;DOSTORESTATE76;DOSTORESTATE77;DOSTORESTATE78;DOSTORESTATE79;DOSTORESTATE8;DOSTORESTATE9;SHA1DC_ALLOW_UNALIGNED_ACCESS;SHA1DC_BIGENDIAN;SHA1DC_CUSTOM_INCLUDE_SHA1_C;SHA1DC_CUSTOM_TRAILING_INCLUDE_SHA1_C;SHA1DC_FORCE_ALIGNED_ACCESS;SHA1DC_FORCE_BIGENDIAN;SHA1DC_FORCE_LITTLEENDIAN;SHA1DC_FORCE_UNALIGNED_ACCESS;SHA1DC_INIT_SAFE_HASH_DEFAULT;SHA1DC_NO_STANDARD_INCLUDES;SHA1DC_ON_INTEL_LIKE_PROCESSOR;_AIX;_BIG_ENDIAN;_BYTE_ORDER;_LITTLE_ENDIAN;_MIPSEB;_MSC_VER;_M_AMD64;_M_IX86;_M_X64;_X86_;__386;__AARCH64EB__;__ARMEB__;__BIG_ENDIAN;__BYTE_ORDER;__BYTE_ORDER__;__I86__;__INTEL__;__MIPSEB;__MIPSEB__;__ORDER_BIG_ENDIAN__;__THUMBEB__;__THW_INTEL__;__X86__;__amd64;__amd64__;__hpux;__i386;__i386__;__i486__;__i586__;__i686__;__sparc;__unix__;__x86_64;__x86_64__;i386
D:\Pesquisa\Projects\git-analysis\_cppstats_featurelocations\git\sha1dc\sha1.h.xml,SHA1DC_CUSTOM_TRAILING_INCLUDE_SHA1_H;SHA1DC_NO_STANDARD_INCLUDES;SHA1DC_SHA1_H;__cplusplus
D:\Pesquisa\Projects\git-analysis\_cppstats_featurelocations\git\sha1dc\ubc_check.c.xml,SHA1DC_CUSTOM_INCLUDE_UBC_CHECK_C;SHA1DC_CUSTOM_TRAILING_INCLUDE_UBC_CHECK_C;SHA1DC_NO_STANDARD_INCLUDES
D:\Pesquisa\Projects\git-analysis\_cppstats_featurelocations\git\sha1dc\ubc_check.h.xml,SHA1DC_CUSTOM_TRAILING_INCLUDE_UBC_CHECK_H;SHA1DC_NO_STANDARD_INCLUDES;SHA1DC_UBC_CHECK_H;__cplusplus
D:\Pesquisa\Projects\git-analysis\_cppstats_featurelocations\git\sha1dc_git.c.xml,DC_SHA1_EXTERNAL
D:\Pesquisa\Projects\git-analysis\_cppstats_featurelocations\git\sha1dc_git.h.xml,DC_SHA1_EXTERNAL;DC_SHA1_SUBMODULE
D:\Pesquisa\Projects\git-analysis\_cppstats_featurelocations\git\sha256\block\sha256.c.xml,
D:\Pesquisa\Projects\git-analysis\_cppstats_featurelocations\git\sha256\block\sha256.h.xml,SHA256_BLOCK_SHA256_H
D:\Pesquisa\Projects\git-analysis\_cppstats_featurelocations\git\sha256\gcrypt.h.xml,SHA256_GCRYPT_H
D:\Pesquisa\Projects\git-analysis\_cppstats_featurelocations\git\shallow.c.xml,
D:\Pesquisa\Projects\git-analysis\_cppstats_featurelocations\git\shell.c.xml,
D:\Pesquisa\Projects\git-analysis\_cppstats_featurelocations\git\shortlog.h.xml,SHORTLOG_H
D:\Pesquisa\Projects\git-analysis\_cppstats_featurelocations\git\sideband.c.xml,
D:\Pesquisa\Projects\git-analysis\_cppstats_featurelocations\git\sideband.h.xml,SIDEBAND_H
D:\Pesquisa\Projects\git-analysis\_cppstats_featurelocations\git\sigchain.c.xml,
D:\Pesquisa\Projects\git-analysis\_cppstats_featurelocations\git\sigchain.h.xml,SIGCHAIN_H
D:\Pesquisa\Projects\git-analysis\_cppstats_featurelocations\git\split-index.c.xml,
D:\Pesquisa\Projects\git-analysis\_cppstats_featurelocations\git\split-index.h.xml,SPLIT_INDEX_H
D:\Pesquisa\Projects\git-analysis\_cppstats_featurelocations\git\stable-qsort.c.xml,
D:\Pesquisa\Projects\git-analysis\_cppstats_featurelocations\git\strbuf.c.xml,HAVE_GETDELIM
D:\Pesquisa\Projects\git-analysis\_cppstats_featurelocations\git\strbuf.h.xml,STRBUF_H
D:\Pesquisa\Projects\git-analysis\_cppstats_featurelocations\git\streaming.c.xml,
D:\Pesquisa\Projects\git-analysis\_cppstats_featurelocations\git\streaming.h.xml,STREAMING_H
D:\Pesquisa\Projects\git-analysis\_cppstats_featurelocations\git\string-list.c.xml,
D:\Pesquisa\Projects\git-analysis\_cppstats_featurelocations\git\string-list.h.xml,STRING_LIST_H
D:\Pesquisa\Projects\git-analysis\_cppstats_featurelocations\git\sub-process.c.xml,
D:\Pesquisa\Projects\git-analysis\_cppstats_featurelocations\git\sub-process.h.xml,SUBPROCESS_H
D:\Pesquisa\Projects\git-analysis\_cppstats_featurelocations\git\submodule-config.c.xml,
D:\Pesquisa\Projects\git-analysis\_cppstats_featurelocations\git\submodule-config.h.xml,SUBMODULE_CONFIG_CACHE_H
D:\Pesquisa\Projects\git-analysis\_cppstats_featurelocations\git\submodule.c.xml,
D:\Pesquisa\Projects\git-analysis\_cppstats_featurelocations\git\submodule.h.xml,SUBMODULE_H
D:\Pesquisa\Projects\git-analysis\_cppstats_featurelocations\git\symlinks.c.xml,
D:\Pesquisa\Projects\git-analysis\_cppstats_featurelocations\git\t\helper\test-advise.c.xml,
D:\Pesquisa\Projects\git-analysis\_cppstats_featurelocations\git\t\helper\test-chmtime.c.xml,GIT_WINDOWS_NATIVE
D:\Pesquisa\Projects\git-analysis\_cppstats_featurelocations\git\t\helper\test-config.c.xml,
D:\Pesquisa\Projects\git-analysis\_cppstats_featurelocations\git\t\helper\test-ctype.c.xml,
D:\Pesquisa\Projects\git-analysis\_cppstats_featurelocations\git\t\helper\test-date.c.xml,
D:\Pesquisa\Projects\git-analysis\_cppstats_featurelocations\git\t\helper\test-delta.c.xml,
D:\Pesquisa\Projects\git-analysis\_cppstats_featurelocations\git\t\helper\test-dir-iterator.c.xml,
D:\Pesquisa\Projects\git-analysis\_cppstats_featurelocations\git\t\helper\test-drop-caches.c.xml,GIT_WINDOWS_NATIVE;__APPLE__;__linux__
D:\Pesquisa\Projects\git-analysis\_cppstats_featurelocations\git\t\helper\test-dump-cache-tree.c.xml,
D:\Pesquisa\Projects\git-analysis\_cppstats_featurelocations\git\t\helper\test-dump-fsmonitor.c.xml,
D:\Pesquisa\Projects\git-analysis\_cppstats_featurelocations\git\t\helper\test-dump-split-index.c.xml,
D:\Pesquisa\Projects\git-analysis\_cppstats_featurelocations\git\t\helper\test-dump-untracked-cache.c.xml,
D:\Pesquisa\Projects\git-analysis\_cppstats_featurelocations\git\t\helper\test-example-decorate.c.xml,
D:\Pesquisa\Projects\git-analysis\_cppstats_featurelocations\git\t\helper\test-fake-ssh.c.xml,
D:\Pesquisa\Projects\git-analysis\_cppstats_featurelocations\git\t\helper\test-genrandom.c.xml,
D:\Pesquisa\Projects\git-analysis\_cppstats_featurelocations\git\t\helper\test-genzeros.c.xml,
D:\Pesquisa\Projects\git-analysis\_cppstats_featurelocations\git\t\helper\test-hash-speed.c.xml,
D:\Pesquisa\Projects\git-analysis\_cppstats_featurelocations\git\t\helper\test-hash.c.xml,
D:\Pesquisa\Projects\git-analysis\_cppstats_featurelocations\git\t\helper\test-hashmap.c.xml,
D:\Pesquisa\Projects\git-analysis\_cppstats_featurelocations\git\t\helper\test-index-version.c.xml,
D:\Pesquisa\Projects\git-analysis\_cppstats_featurelocations\git\t\helper\test-json-writer.c.xml,
D:\Pesquisa\Projects\git-analysis\_cppstats_featurelocations\git\t\helper\test-lazy-init-name-hash.c.xml,
D:\Pesquisa\Projects\git-analysis\_cppstats_featurelocations\git\t\helper\test-line-buffer.c.xml,
D:\Pesquisa\Projects\git-analysis\_cppstats_featurelocations\git\t\helper\test-match-trees.c.xml,
D:\Pesquisa\Projects\git-analysis\_cppstats_featurelocations\git\t\helper\test-mergesort.c.xml,
D:\Pesquisa\Projects\git-analysis\_cppstats_featurelocations\git\t\helper\test-mktemp.c.xml,
D:\Pesquisa\Projects\git-analysis\_cppstats_featurelocations\git\t\helper\test-oidmap.c.xml,
D:\Pesquisa\Projects\git-analysis\_cppstats_featurelocations\git\t\helper\test-online-cpus.c.xml,
D:\Pesquisa\Projects\git-analysis\_cppstats_featurelocations\git\t\helper\test-parse-options.c.xml,
D:\Pesquisa\Projects\git-analysis\_cppstats_featurelocations\git\t\helper\test-parse-pathspec-file.c.xml,
D:\Pesquisa\Projects\git-analysis\_cppstats_featurelocations\git\t\helper\test-path-utils.c.xml,_MSC_VER;__MINGW32__
D:\Pesquisa\Projects\git-analysis\_cppstats_featurelocations\git\t\helper\test-pkt-line.c.xml,
D:\Pesquisa\Projects\git-analysis\_cppstats_featurelocations\git\t\helper\test-prio-queue.c.xml,
D:\Pesquisa\Projects\git-analysis\_cppstats_featurelocations\git\t\helper\test-progress.c.xml,
D:\Pesquisa\Projects\git-analysis\_cppstats_featurelocations\git\t\helper\test-reach.c.xml,
D:\Pesquisa\Projects\git-analysis\_cppstats_featurelocations\git\t\helper\test-read-cache.c.xml,
D:\Pesquisa\Projects\git-analysis\_cppstats_featurelocations\git\t\helper\test-read-graph.c.xml,
D:\Pesquisa\Projects\git-analysis\_cppstats_featurelocations\git\t\helper\test-read-midx.c.xml,
D:\Pesquisa\Projects\git-analysis\_cppstats_featurelocations\git\t\helper\test-ref-store.c.xml,
D:\Pesquisa\Projects\git-analysis\_cppstats_featurelocations\git\t\helper\test-regex.c.xml,REG_STARTEND
D:\Pesquisa\Projects\git-analysis\_cppstats_featurelocations\git\t\helper\test-repository.c.xml,
D:\Pesquisa\Projects\git-analysis\_cppstats_featurelocations\git\t\helper\test-revision-walking.c.xml,
D:\Pesquisa\Projects\git-analysis\_cppstats_featurelocations\git\t\helper\test-run-command.c.xml,
D:\Pesquisa\Projects\git-analysis\_cppstats_featurelocations\git\t\helper\test-scrap-cache-tree.c.xml,
D:\Pesquisa\Projects\git-analysis\_cppstats_featurelocations\git\t\helper\test-serve-v2.c.xml,
D:\Pesquisa\Projects\git-analysis\_cppstats_featurelocations\git\t\helper\test-sha1-array.c.xml,
D:\Pesquisa\Projects\git-analysis\_cppstats_featurelocations\git\t\helper\test-sha1.c.xml,
D:\Pesquisa\Projects\git-analysis\_cppstats_featurelocations\git\t\helper\test-sha256.c.xml,
D:\Pesquisa\Projects\git-analysis\_cppstats_featurelocations\git\t\helper\test-sigchain.c.xml,
D:\Pesquisa\Projects\git-analysis\_cppstats_featurelocations\git\t\helper\test-strcmp-offset.c.xml,
D:\Pesquisa\Projects\git-analysis\_cppstats_featurelocations\git\t\helper\test-string-list.c.xml,
D:\Pesquisa\Projects\git-analysis\_cppstats_featurelocations\git\t\helper\test-submodule-config.c.xml,
D:\Pesquisa\Projects\git-analysis\_cppstats_featurelocations\git\t\helper\test-submodule-nested-repo-config.c.xml,
D:\Pesquisa\Projects\git-analysis\_cppstats_featurelocations\git\t\helper\test-subprocess.c.xml,
D:\Pesquisa\Projects\git-analysis\_cppstats_featurelocations\git\t\helper\test-svn-fe.c.xml,
D:\Pesquisa\Projects\git-analysis\_cppstats_featurelocations\git\t\helper\test-tool.c.xml,GIT_WINDOWS_NATIVE
D:\Pesquisa\Projects\git-analysis\_cppstats_featurelocations\git\t\helper\test-tool.h.xml,GIT_WINDOWS_NATIVE;TEST_TOOL_H
D:\Pesquisa\Projects\git-analysis\_cppstats_featurelocations\git\t\helper\test-trace2.c.xml,
D:\Pesquisa\Projects\git-analysis\_cppstats_featurelocations\git\t\helper\test-urlmatch-normalization.c.xml,
D:\Pesquisa\Projects\git-analysis\_cppstats_featurelocations\git\t\helper\test-wildmatch.c.xml,
D:\Pesquisa\Projects\git-analysis\_cppstats_featurelocations\git\t\helper\test-windows-named-pipe.c.xml,GIT_WINDOWS_NATIVE
D:\Pesquisa\Projects\git-analysis\_cppstats_featurelocations\git\t\helper\test-write-cache.c.xml,
D:\Pesquisa\Projects\git-analysis\_cppstats_featurelocations\git\t\helper\test-xml-encode.c.xml,
D:\Pesquisa\Projects\git-analysis\_cppstats_featurelocations\git\t\t0200\test.c.xml,
D:\Pesquisa\Projects\git-analysis\_cppstats_featurelocations\git\t\t4051\appended1.c.xml,
D:\Pesquisa\Projects\git-analysis\_cppstats_featurelocations\git\t\t4051\appended2.c.xml,
D:\Pesquisa\Projects\git-analysis\_cppstats_featurelocations\git\t\t4051\dummy.c.xml,
D:\Pesquisa\Projects\git-analysis\_cppstats_featurelocations\git\t\t4051\hello.c.xml,
D:\Pesquisa\Projects\git-analysis\_cppstats_featurelocations\git\t\t4051\includes.c.xml,
D:\Pesquisa\Projects\git-analysis\_cppstats_featurelocations\git\t\t4256\1\mailinfo.c.xml,
D:\Pesquisa\Projects\git-analysis\_cppstats_featurelocations\git\tag.c.xml,
D:\Pesquisa\Projects\git-analysis\_cppstats_featurelocations\git\tag.h.xml,TAG_H
D:\Pesquisa\Projects\git-analysis\_cppstats_featurelocations\git\tar.h.xml,TAR_H
D:\Pesquisa\Projects\git-analysis\_cppstats_featurelocations\git\tempfile.c.xml,
D:\Pesquisa\Projects\git-analysis\_cppstats_featurelocations\git\tempfile.h.xml,TEMPFILE_H
D:\Pesquisa\Projects\git-analysis\_cppstats_featurelocations\git\thread-utils.c.xml,GIT_WINDOWS_NATIVE;HAVE_BSD_SYSCTL;HW_AVAILCPU;HW_NCPU;NO_PTHREADS;_SC_CRAY_NCPU;_SC_NPROCESSORS_ONLN;_SC_NPROC_ONLN;__hpux;_hpux;hpux
D:\Pesquisa\Projects\git-analysis\_cppstats_featurelocations\git\thread-utils.h.xml,NO_PTHREADS;THREAD_COMPAT_H
D:\Pesquisa\Projects\git-analysis\_cppstats_featurelocations\git\tmp-objdir.c.xml,
D:\Pesquisa\Projects\git-analysis\_cppstats_featurelocations\git\tmp-objdir.h.xml,TMP_OBJDIR_H
D:\Pesquisa\Projects\git-analysis\_cppstats_featurelocations\git\trace.c.xml,GIT_WINDOWS_NATIVE;HAVE_CLOCK_GETTIME;HAVE_CLOCK_MONOTONIC;HAVE_VARIADIC_MACROS
D:\Pesquisa\Projects\git-analysis\_cppstats_featurelocations\git\trace.h.xml,HAVE_VARIADIC_MACROS;TRACE_CONTEXT;TRACE_H
D:\Pesquisa\Projects\git-analysis\_cppstats_featurelocations\git\trace2.c.xml,HAVE_VARIADIC_MACROS
D:\Pesquisa\Projects\git-analysis\_cppstats_featurelocations\git\trace2.h.xml,GIT_WINDOWS_NATIVE;HAVE_VARIADIC_MACROS;TRACE2_H
D:\Pesquisa\Projects\git-analysis\_cppstats_featurelocations\git\trace2\tr2_cfg.c.xml,
D:\Pesquisa\Projects\git-analysis\_cppstats_featurelocations\git\trace2\tr2_cfg.h.xml,TR2_CFG_H
D:\Pesquisa\Projects\git-analysis\_cppstats_featurelocations\git\trace2\tr2_cmd_name.c.xml,
D:\Pesquisa\Projects\git-analysis\_cppstats_featurelocations\git\trace2\tr2_cmd_name.h.xml,TR2_CMD_NAME_H
D:\Pesquisa\Projects\git-analysis\_cppstats_featurelocations\git\trace2\tr2_dst.c.xml,NO_UNIX_SOCKETS
D:\Pesquisa\Projects\git-analysis\_cppstats_featurelocations\git\trace2\tr2_dst.h.xml,TR2_DST_H
D:\Pesquisa\Projects\git-analysis\_cppstats_featurelocations\git\trace2\tr2_sid.c.xml,
D:\Pesquisa\Projects\git-analysis\_cppstats_featurelocations\git\trace2\tr2_sid.h.xml,TR2_SID_H
D:\Pesquisa\Projects\git-analysis\_cppstats_featurelocations\git\trace2\tr2_sysenv.c.xml,
D:\Pesquisa\Projects\git-analysis\_cppstats_featurelocations\git\trace2\tr2_sysenv.h.xml,TR2_SYSENV_H
D:\Pesquisa\Projects\git-analysis\_cppstats_featurelocations\git\trace2\tr2_tbuf.c.xml,
D:\Pesquisa\Projects\git-analysis\_cppstats_featurelocations\git\trace2\tr2_tbuf.h.xml,TR2_TBUF_H
D:\Pesquisa\Projects\git-analysis\_cppstats_featurelocations\git\trace2\tr2_tgt.h.xml,TR2_TGT_H
D:\Pesquisa\Projects\git-analysis\_cppstats_featurelocations\git\trace2\tr2_tgt_event.c.xml,
D:\Pesquisa\Projects\git-analysis\_cppstats_featurelocations\git\trace2\tr2_tgt_normal.c.xml,
D:\Pesquisa\Projects\git-analysis\_cppstats_featurelocations\git\trace2\tr2_tgt_perf.c.xml,
D:\Pesquisa\Projects\git-analysis\_cppstats_featurelocations\git\trace2\tr2_tls.c.xml,
D:\Pesquisa\Projects\git-analysis\_cppstats_featurelocations\git\trace2\tr2_tls.h.xml,TR2_TLS_H
D:\Pesquisa\Projects\git-analysis\_cppstats_featurelocations\git\trailer.c.xml,
D:\Pesquisa\Projects\git-analysis\_cppstats_featurelocations\git\trailer.h.xml,TRAILER_H
D:\Pesquisa\Projects\git-analysis\_cppstats_featurelocations\git\transport-helper.c.xml,NO_PTHREADS
D:\Pesquisa\Projects\git-analysis\_cppstats_featurelocations\git\transport-internal.h.xml,TRANSPORT_INTERNAL_H
D:\Pesquisa\Projects\git-analysis\_cppstats_featurelocations\git\transport.c.xml,
D:\Pesquisa\Projects\git-analysis\_cppstats_featurelocations\git\transport.h.xml,TRANSPORT_H
D:\Pesquisa\Projects\git-analysis\_cppstats_featurelocations\git\tree-diff.c.xml,
D:\Pesquisa\Projects\git-analysis\_cppstats_featurelocations\git\tree-walk.c.xml,
D:\Pesquisa\Projects\git-analysis\_cppstats_featurelocations\git\tree-walk.h.xml,TREE_WALK_H
D:\Pesquisa\Projects\git-analysis\_cppstats_featurelocations\git\tree.c.xml,
D:\Pesquisa\Projects\git-analysis\_cppstats_featurelocations\git\tree.h.xml,TREE_H
D:\Pesquisa\Projects\git-analysis\_cppstats_featurelocations\git\unicode-width.h.xml,
D:\Pesquisa\Projects\git-analysis\_cppstats_featurelocations\git\unix-socket.c.xml,
D:\Pesquisa\Projects\git-analysis\_cppstats_featurelocations\git\unix-socket.h.xml,UNIX_SOCKET_H
D:\Pesquisa\Projects\git-analysis\_cppstats_featurelocations\git\unpack-trees.c.xml,DBRT_DEBUG
D:\Pesquisa\Projects\git-analysis\_cppstats_featurelocations\git\unpack-trees.h.xml,UNPACK_TREES_H
D:\Pesquisa\Projects\git-analysis\_cppstats_featurelocations\git\upload-pack.c.xml,
D:\Pesquisa\Projects\git-analysis\_cppstats_featurelocations\git\upload-pack.h.xml,UPLOAD_PACK_H
D:\Pesquisa\Projects\git-analysis\_cppstats_featurelocations\git\url.c.xml,
D:\Pesquisa\Projects\git-analysis\_cppstats_featurelocations\git\url.h.xml,URL_H
D:\Pesquisa\Projects\git-analysis\_cppstats_featurelocations\git\urlmatch.c.xml,
D:\Pesquisa\Projects\git-analysis\_cppstats_featurelocations\git\urlmatch.h.xml,URL_MATCH_H
D:\Pesquisa\Projects\git-analysis\_cppstats_featurelocations\git\usage.c.xml,HAVE_VARIADIC_MACROS;SUPPRESS_ANNOTATED_LEAKS
D:\Pesquisa\Projects\git-analysis\_cppstats_featurelocations\git\userdiff.c.xml,
D:\Pesquisa\Projects\git-analysis\_cppstats_featurelocations\git\userdiff.h.xml,USERDIFF_H
D:\Pesquisa\Projects\git-analysis\_cppstats_featurelocations\git\utf8.c.xml,ICONV_OMITS_BOM;NO_ICONV;OLD_ICONV;_XPG6;__sun__
D:\Pesquisa\Projects\git-analysis\_cppstats_featurelocations\git\utf8.h.xml,GIT_UTF8_H;NO_ICONV
D:\Pesquisa\Projects\git-analysis\_cppstats_featurelocations\git\varint.c.xml,
D:\Pesquisa\Projects\git-analysis\_cppstats_featurelocations\git\varint.h.xml,VARINT_H
D:\Pesquisa\Projects\git-analysis\_cppstats_featurelocations\git\vcs-svn\fast_export.c.xml,
D:\Pesquisa\Projects\git-analysis\_cppstats_featurelocations\git\vcs-svn\fast_export.h.xml,FAST_EXPORT_H
D:\Pesquisa\Projects\git-analysis\_cppstats_featurelocations\git\vcs-svn\line_buffer.c.xml,
D:\Pesquisa\Projects\git-analysis\_cppstats_featurelocations\git\vcs-svn\line_buffer.h.xml,LINE_BUFFER_H
D:\Pesquisa\Projects\git-analysis\_cppstats_featurelocations\git\vcs-svn\sliding_window.c.xml,
D:\Pesquisa\Projects\git-analysis\_cppstats_featurelocations\git\vcs-svn\sliding_window.h.xml,SLIDING_WINDOW_H
D:\Pesquisa\Projects\git-analysis\_cppstats_featurelocations\git\vcs-svn\svndiff.c.xml,
D:\Pesquisa\Projects\git-analysis\_cppstats_featurelocations\git\vcs-svn\svndiff.h.xml,SVNDIFF_H
D:\Pesquisa\Projects\git-analysis\_cppstats_featurelocations\git\vcs-svn\svndump.c.xml,
D:\Pesquisa\Projects\git-analysis\_cppstats_featurelocations\git\vcs-svn\svndump.h.xml,SVNDUMP_H
D:\Pesquisa\Projects\git-analysis\_cppstats_featurelocations\git\version.c.xml,
D:\Pesquisa\Projects\git-analysis\_cppstats_featurelocations\git\version.h.xml,VERSION_H
D:\Pesquisa\Projects\git-analysis\_cppstats_featurelocations\git\versioncmp.c.xml,
D:\Pesquisa\Projects\git-analysis\_cppstats_featurelocations\git\walker.c.xml,
D:\Pesquisa\Projects\git-analysis\_cppstats_featurelocations\git\walker.h.xml,WALKER_H
D:\Pesquisa\Projects\git-analysis\_cppstats_featurelocations\git\wildmatch.c.xml,NEGATE_CLASS2;STDC_HEADERS;isascii;isblank;isgraph
D:\Pesquisa\Projects\git-analysis\_cppstats_featurelocations\git\wildmatch.h.xml,WILDMATCH_H
D:\Pesquisa\Projects\git-analysis\_cppstats_featurelocations\git\worktree.c.xml,
D:\Pesquisa\Projects\git-analysis\_cppstats_featurelocations\git\worktree.h.xml,WORKTREE_H
D:\Pesquisa\Projects\git-analysis\_cppstats_featurelocations\git\wrapper.c.xml,MAX_IO_SIZE;MAX_IO_SIZE_DEFAULT;SSIZE_MAX;XMALLOC_POISON
D:\Pesquisa\Projects\git-analysis\_cppstats_featurelocations\git\write-or-die.c.xml,
D:\Pesquisa\Projects\git-analysis\_cppstats_featurelocations\git\ws.c.xml,
D:\Pesquisa\Projects\git-analysis\_cppstats_featurelocations\git\wt-status.c.xml,
D:\Pesquisa\Projects\git-analysis\_cppstats_featurelocations\git\wt-status.h.xml,STATUS_H
D:\Pesquisa\Projects\git-analysis\_cppstats_featurelocations\git\xdiff-interface.c.xml,
D:\Pesquisa\Projects\git-analysis\_cppstats_featurelocations\git\xdiff-interface.h.xml,XDIFF_INTERFACE_H
D:\Pesquisa\Projects\git-analysis\_cppstats_featurelocations\git\xdiff\xdiff.h.xml,XDIFF_H;__cplusplus
D:\Pesquisa\Projects\git-analysis\_cppstats_featurelocations\git\xdiff\xdiffi.c.xml,
D:\Pesquisa\Projects\git-analysis\_cppstats_featurelocations\git\xdiff\xdiffi.h.xml,XDIFFI_H
D:\Pesquisa\Projects\git-analysis\_cppstats_featurelocations\git\xdiff\xemit.c.xml,
D:\Pesquisa\Projects\git-analysis\_cppstats_featurelocations\git\xdiff\xemit.h.xml,XEMIT_H
D:\Pesquisa\Projects\git-analysis\_cppstats_featurelocations\git\xdiff\xhistogram.c.xml,
D:\Pesquisa\Projects\git-analysis\_cppstats_featurelocations\git\xdiff\xinclude.h.xml,XINCLUDE_H
D:\Pesquisa\Projects\git-analysis\_cppstats_featurelocations\git\xdiff\xmacros.h.xml,XMACROS_H
D:\Pesquisa\Projects\git-analysis\_cppstats_featurelocations\git\xdiff\xmerge.c.xml,
D:\Pesquisa\Projects\git-analysis\_cppstats_featurelocations\git\xdiff\xpatience.c.xml,
D:\Pesquisa\Projects\git-analysis\_cppstats_featurelocations\git\xdiff\xprepare.c.xml,
D:\Pesquisa\Projects\git-analysis\_cppstats_featurelocations\git\xdiff\xprepare.h.xml,XPREPARE_H
D:\Pesquisa\Projects\git-analysis\_cppstats_featurelocations\git\xdiff\xtypes.h.xml,XTYPES_H
D:\Pesquisa\Projects\git-analysis\_cppstats_featurelocations\git\xdiff\xutils.c.xml,
D:\Pesquisa\Projects\git-analysis\_cppstats_featurelocations\git\xdiff\xutils.h.xml,XUTILS_H
D:\Pesquisa\Projects\git-analysis\_cppstats_featurelocations\git\zlib.c.xml,NO_DEFLATE_BOUND;ZLIB_VERNUM
